scenario,step,hz,cap,max_delta_ns,raw_ns,accepted_ns,clamped_ns,phase_before,due,executed,extra_ticks,catchup_iteration,dropped_ticks,drop_event,phase_after,conservation
units_20,0,20,1000,60000000000,1000000000,1000000000,0,0,20,20,19,1,0,0,0,1
units_30,0,30,1000,60000000000,1000000000,1000000000,0,0,30,30,29,1,0,0,0,1
units_60,0,60,1000,60000000000,1000000000,1000000000,0,0,60,60,59,1,0,0,0,1
boundaries_60,0,60,1000,60000000000,0,0,0,0,0,0,0,0,0,0,0,1
boundaries_60,1,60,1000,60000000000,16666666,16666666,0,0,0,0,0,0,0,0,999999960,1
boundaries_60,2,60,1000,60000000000,1,1,0,999999960,1,1,0,0,0,0,20,1
boundaries_60,3,60,1000,60000000000,0,0,0,20,0,0,0,0,0,0,20,1
boundaries_60,4,60,1000,60000000000,16666666,16666666,0,20,0,0,0,0,0,0,999999980,1
boundaries_60,5,60,1000,60000000000,1,1,0,999999980,1,1,0,0,0,0,40,1
cap3_spike,0,60,3,60000000000,200000000,200000000,0,0,12,3,2,1,9,1,0,1
cap3_spike,1,60,3,60000000000,0,0,0,0,0,0,0,0,0,0,0,1
cap3_spike,2,60,3,60000000000,16000000,16000000,0,0,0,0,0,0,0,0,960000000,1
cap3_spike,3,60,3,60000000000,1000000,1000000,0,960000000,1,1,0,0,0,0,20000000,1
fractional_drop,0,20,1,60000000000,125000000,125000000,0,0,2,1,0,0,1,1,500000000,1
fractional_drop,1,20,1,60000000000,25000000,25000000,0,500000000,1,1,0,0,0,0,0,1
fractional_drop,2,20,1,60000000000,125000000,125000000,0,0,2,1,0,0,1,1,500000000,1
fractional_drop,3,20,1,60000000000,25000000,25000000,0,500000000,1,1,0,0,0,0,0,1
clamp_separate,0,30,3,100000000,2000000000,100000000,1900000000,0,3,3,2,1,0,0,0,1
clamp_separate,1,30,3,100000000,0,0,0,0,0,0,0,0,0,0,0,1
clamp_separate,2,30,3,100000000,50000000,50000000,0,0,1,1,0,0,0,0,500000000,1
clamp_separate,3,30,3,100000000,50000000,50000000,0,500000000,2,2,1,1,0,0,0,1
whole_second,0,60,1000,60000000000,1000000000,1000000000,0,0,60,60,59,1,0,0,0,1
partition_second,0,60,1000,60000000000,333333333,333333333,0,0,19,19,18,1,0,0,999999980,1
partition_second,1,60,1000,60000000000,333333333,333333333,0,999999980,20,20,19,1,0,0,999999960,1
partition_second,2,60,1000,60000000000,333333334,333333334,0,999999960,21,21,20,1,0,0,0,1
whole_cap,0,30,3,60000000000,1000000000,1000000000,0,0,30,3,2,1,27,1,0,1
partition_cap,0,30,3,60000000000,100000000,100000000,0,0,3,3,2,1,0,0,0,1
partition_cap,1,30,3,60000000000,100000000,100000000,0,0,3,3,2,1,0,0,0,1
partition_cap,2,30,3,60000000000,100000000,100000000,0,0,3,3,2,1,0,0,0,1
partition_cap,3,30,3,60000000000,100000000,100000000,0,0,3,3,2,1,0,0,0,1
partition_cap,4,30,3,60000000000,100000000,100000000,0,0,3,3,2,1,0,0,0,1
partition_cap,5,30,3,60000000000,100000000,100000000,0,0,3,3,2,1,0,0,0,1
partition_cap,6,30,3,60000000000,100000000,100000000,0,0,3,3,2,1,0,0,0,1
partition_cap,7,30,3,60000000000,100000000,100000000,0,0,3,3,2,1,0,0,0,1
partition_cap,8,30,3,60000000000,100000000,100000000,0,0,3,3,2,1,0,0,0,1
partition_cap,9,30,3,60000000000,100000000,100000000,0,0,3,3,2,1,0,0,0,1
whole_clamp,0,30,1000,100000000,1000000000,100000000,900000000,0,3,3,2,1,0,0,0,1
partition_clamp,0,30,1000,100000000,100000000,100000000,0,0,3,3,2,1,0,0,0,1
partition_clamp,1,30,1000,100000000,100000000,100000000,0,0,3,3,2,1,0,0,0,1
partition_clamp,2,30,1000,100000000,100000000,100000000,0,0,3,3,2,1,0,0,0,1
partition_clamp,3,30,1000,100000000,100000000,100000000,0,0,3,3,2,1,0,0,0,1
partition_clamp,4,30,1000,100000000,100000000,100000000,0,0,3,3,2,1,0,0,0,1
partition_clamp,5,30,1000,100000000,100000000,100000000,0,0,3,3,2,1,0,0,0,1
partition_clamp,6,30,1000,100000000,100000000,100000000,0,0,3,3,2,1,0,0,0,1
partition_clamp,7,30,1000,100000000,100000000,100000000,0,0,3,3,2,1,0,0,0,1
partition_clamp,8,30,1000,100000000,100000000,100000000,0,0,3,3,2,1,0,0,0,1
partition_clamp,9,30,1000,100000000,100000000,100000000,0,0,3,3,2,1,0,0,0,1
max_elapsed,0,1000,1000,60000000000,9223372036854775807,60000000000,9223371976854775807,0,60000,1000,999,1,59000,1,0,1
max_elapsed,1,1000,1000,60000000000,0,0,0,0,0,0,0,0,0,0,0,1
max_elapsed,2,1000,1000,60000000000,1,1,0,0,0,0,0,0,0,0,1000,1
random_30,0,30,3,500000000,1765984528,500000000,1265984528,0,15,3,2,1,12,1,0,1
random_30,1,30,3,500000000,1320785184,500000000,820785184,0,15,3,2,1,12,1,0,1
random_30,2,30,3,500000000,1512055384,500000000,1012055384,0,15,3,2,1,12,1,0,1
random_30,3,30,3,500000000,1082238693,500000000,582238693,0,15,3,2,1,12,1,0,1
random_30,4,30,3,500000000,647702486,500000000,147702486,0,15,3,2,1,12,1,0,1
random_30,5,30,3,500000000,1732700551,500000000,1232700551,0,15,3,2,1,12,1,0,1
random_30,6,30,3,500000000,1971338292,500000000,1471338292,0,15,3,2,1,12,1,0,1
random_30,7,30,3,500000000,1127422377,500000000,627422377,0,15,3,2,1,12,1,0,1
random_30,8,30,3,500000000,1706517554,500000000,1206517554,0,15,3,2,1,12,1,0,1
random_30,9,30,3,500000000,181312894,181312894,0,0,5,3,2,1,2,1,439386820,1
random_30,10,30,3,500000000,1910689177,500000000,1410689177,439386820,15,3,2,1,12,1,439386820,1
random_30,11,30,3,500000000,508274645,500000000,8274645,439386820,15,3,2,1,12,1,439386820,1
random_30,12,30,3,500000000,1598718610,500000000,1098718610,439386820,15,3,2,1,12,1,439386820,1
random_30,13,30,3,500000000,1317691638,500000000,817691638,439386820,15,3,2,1,12,1,439386820,1
random_30,14,30,3,500000000,1024270108,500000000,524270108,439386820,15,3,2,1,12,1,439386820,1
random_30,15,30,3,500000000,1100936885,500000000,600936885,439386820,15,3,2,1,12,1,439386820,1
random_30,16,30,3,500000000,216485478,216485478,0,439386820,6,3,2,1,3,1,933951160,1
random_30,17,30,3,500000000,1863019397,500000000,1363019397,933951160,15,3,2,1,12,1,933951160,1
random_30,18,30,3,500000000,1514826423,500000000,1014826423,933951160,15,3,2,1,12,1,933951160,1
random_30,19,30,3,500000000,1988612632,500000000,1488612632,933951160,15,3,2,1,12,1,933951160,1
random_30,20,30,3,500000000,1259477171,500000000,759477171,933951160,15,3,2,1,12,1,933951160,1
random_30,21,30,3,500000000,469739106,469739106,0,933951160,15,3,2,1,12,1,26124340,1
random_30,22,30,3,500000000,1836313553,500000000,1336313553,26124340,15,3,2,1,12,1,26124340,1
random_30,23,30,3,500000000,826646181,500000000,326646181,26124340,15,3,2,1,12,1,26124340,1
random_30,24,30,3,500000000,409622003,409622003,0,26124340,12,3,2,1,9,1,314784430,1
random_30,25,30,3,500000000,1343344043,500000000,843344043,314784430,15,3,2,1,12,1,314784430,1
random_30,26,30,3,500000000,340675526,340675526,0,314784430,10,3,2,1,7,1,535050210,1
random_30,27,30,3,500000000,548388094,500000000,48388094,535050210,15,3,2,1,12,1,535050210,1
random_30,28,30,3,500000000,1611552036,500000000,1111552036,535050210,15,3,2,1,12,1,535050210,1
random_30,29,30,3,500000000,47545251,47545251,0,535050210,1,1,0,0,0,0,961407740,1
random_30,30,30,3,500000000,1815758159,500000000,1315758159,961407740,15,3,2,1,12,1,961407740,1
random_30,31,30,3,500000000,1406133883,500000000,906133883,961407740,15,3,2,1,12,1,961407740,1
random_30,32,30,3,500000000,1289501312,500000000,789501312,961407740,15,3,2,1,12,1,961407740,1
random_30,33,30,3,500000000,1883165461,500000000,1383165461,961407740,15,3,2,1,12,1,961407740,1
random_30,34,30,3,500000000,1167890083,500000000,667890083,961407740,15,3,2,1,12,1,961407740,1
random_30,35,30,3,500000000,73026098,73026098,0,961407740,3,3,2,1,0,0,152190680,1
random_30,36,30,3,500000000,1110344205,500000000,610344205,152190680,15,3,2,1,12,1,152190680,1
random_30,37,30,3,500000000,1440430404,500000000,940430404,152190680,15,3,2,1,12,1,152190680,1
random_30,38,30,3,500000000,249671548,249671548,0,152190680,7,3,2,1,4,1,642337120,1
random_30,39,30,3,500000000,1870647463,500000000,1370647463,642337120,15,3,2,1,12,1,642337120,1
random_30,40,30,3,500000000,1275669599,500000000,775669599,642337120,15,3,2,1,12,1,642337120,1
random_30,41,30,3,500000000,1291802738,500000000,791802738,642337120,15,3,2,1,12,1,642337120,1
random_30,42,30,3,500000000,29641877,29641877,0,642337120,1,1,0,0,0,0,531593430,1
random_30,43,30,3,500000000,696986650,500000000,196986650,531593430,15,3,2,1,12,1,531593430,1
random_30,44,30,3,500000000,1736447717,500000000,1236447717,531593430,15,3,2,1,12,1,531593430,1
random_30,45,30,3,500000000,95974906,95974906,0,531593430,3,3,2,1,0,0,410840610,1
random_30,46,30,3,500000000,452519972,452519972,0,410840610,13,3,2,1,10,1,986439770,1
random_30,47,30,3,500000000,153670891,153670891,0,986439770,5,3,2,1,2,1,596566500,1
random_30,48,30,3,500000000,1010216205,500000000,510216205,596566500,15,3,2,1,12,1,596566500,1
random_30,49,30,3,500000000,143321519,143321519,0,596566500,4,3,2,1,1,1,896212070,1
random_30,50,30,3,500000000,371161307,371161307,0,896212070,12,3,2,1,9,1,31051280,1
random_30,51,30,3,500000000,1889705937,500000000,1389705937,31051280,15,3,2,1,12,1,31051280,1
random_30,52,30,3,500000000,848294607,500000000,348294607,31051280,15,3,2,1,12,1,31051280,1
random_30,53,30,3,500000000,1301736247,500000000,801736247,31051280,15,3,2,1,12,1,31051280,1
random_30,54,30,3,500000000,618860043,500000000,118860043,31051280,15,3,2,1,12,1,31051280,1
random_30,55,30,3,500000000,690661619,500000000,190661619,31051280,15,3,2,1,12,1,31051280,1
random_30,56,30,3,500000000,1276304231,500000000,776304231,31051280,15,3,2,1,12,1,31051280,1
random_30,57,30,3,500000000,645294288,500000000,145294288,31051280,15,3,2,1,12,1,31051280,1
random_30,58,30,3,500000000,1391465255,500000000,891465255,31051280,15,3,2,1,12,1,31051280,1
random_30,59,30,3,500000000,1107348271,500000000,607348271,31051280,15,3,2,1,12,1,31051280,1
random_30,60,30,3,500000000,1551162739,500000000,1051162739,31051280,15,3,2,1,12,1,31051280,1
random_30,61,30,3,500000000,1628819803,500000000,1128819803,31051280,15,3,2,1,12,1,31051280,1
random_30,62,30,3,500000000,1857194399,500000000,1357194399,31051280,15,3,2,1,12,1,31051280,1
random_30,63,30,3,500000000,657187828,500000000,157187828,31051280,15,3,2,1,12,1,31051280,1
random_30,64,30,3,500000000,257775633,257775633,0,31051280,7,3,2,1,4,1,764320270,1
random_30,65,30,3,500000000,1592191692,500000000,1092191692,764320270,15,3,2,1,12,1,764320270,1
random_30,66,30,3,500000000,906692259,500000000,406692259,764320270,15,3,2,1,12,1,764320270,1
random_30,67,30,3,500000000,169930298,169930298,0,764320270,5,3,2,1,2,1,862229210,1
random_30,68,30,3,500000000,1370147759,500000000,870147759,862229210,15,3,2,1,12,1,862229210,1
random_30,69,30,3,500000000,914902034,500000000,414902034,862229210,15,3,2,1,12,1,862229210,1
random_30,70,30,3,500000000,771833083,500000000,271833083,862229210,15,3,2,1,12,1,862229210,1
random_30,71,30,3,500000000,1014262391,500000000,514262391,862229210,15,3,2,1,12,1,862229210,1
random_30,72,30,3,500000000,1835704037,500000000,1335704037,862229210,15,3,2,1,12,1,862229210,1
random_30,73,30,3,500000000,929894810,500000000,429894810,862229210,15,3,2,1,12,1,862229210,1
random_30,74,30,3,500000000,1656864038,500000000,1156864038,862229210,15,3,2,1,12,1,862229210,1
random_30,75,30,3,500000000,920986574,500000000,420986574,862229210,15,3,2,1,12,1,862229210,1
random_30,76,30,3,500000000,409071871,409071871,0,862229210,13,3,2,1,10,1,134385340,1
random_30,77,30,3,500000000,1599647441,500000000,1099647441,134385340,15,3,2,1,12,1,134385340,1
random_30,78,30,3,500000000,1150898350,500000000,650898350,134385340,15,3,2,1,12,1,134385340,1
random_30,79,30,3,500000000,334323027,334323027,0,134385340,10,3,2,1,7,1,164076150,1
random_30,80,30,3,500000000,1202802280,500000000,702802280,164076150,15,3,2,1,12,1,164076150,1
random_30,81,30,3,500000000,477613703,477613703,0,164076150,14,3,2,1,11,1,492487240,1
random_30,82,30,3,500000000,1514523967,500000000,1014523967,492487240,15,3,2,1,12,1,492487240,1
random_30,83,30,3,500000000,1869484875,500000000,1369484875,492487240,15,3,2,1,12,1,492487240,1
random_30,84,30,3,500000000,100643105,100643105,0,492487240,3,3,2,1,0,0,511780390,1
random_30,85,30,3,500000000,1254790389,500000000,754790389,511780390,15,3,2,1,12,1,511780390,1
random_30,86,30,3,500000000,521606830,500000000,21606830,511780390,15,3,2,1,12,1,511780390,1
random_30,87,30,3,500000000,302968387,302968387,0,511780390,9,3,2,1,6,1,600832000,1
random_30,88,30,3,500000000,169396408,169396408,0,600832000,5,3,2,1,2,1,682724240,1
random_30,89,30,3,500000000,1824715050,500000000,1324715050,682724240,15,3,2,1,12,1,682724240,1
random_30,90,30,3,500000000,1632332396,500000000,1132332396,682724240,15,3,2,1,12,1,682724240,1
random_30,91,30,3,500000000,1705144082,500000000,1205144082,682724240,15,3,2,1,12,1,682724240,1
random_30,92,30,3,500000000,1843726644,500000000,1343726644,682724240,15,3,2,1,12,1,682724240,1
random_30,93,30,3,500000000,1280396462,500000000,780396462,682724240,15,3,2,1,12,1,682724240,1
random_30,94,30,3,500000000,1595688798,500000000,1095688798,682724240,15,3,2,1,12,1,682724240,1
random_30,95,30,3,500000000,1619782215,500000000,1119782215,682724240,15,3,2,1,12,1,682724240,1
random_30,96,30,3,500000000,372786922,372786922,0,682724240,11,3,2,1,8,1,866331900,1
random_30,97,30,3,500000000,1541257465,500000000,1041257465,866331900,15,3,2,1,12,1,866331900,1
random_30,98,30,3,500000000,326154729,326154729,0,866331900,10,3,2,1,7,1,650973770,1
random_30,99,30,3,500000000,938182911,500000000,438182911,650973770,15,3,2,1,12,1,650973770,1
random_30,100,30,3,500000000,1516780604,500000000,1016780604,650973770,15,3,2,1,12,1,650973770,1
random_30,101,30,3,500000000,371643977,371643977,0,650973770,11,3,2,1,8,1,800293080,1
random_30,102,30,3,500000000,694383801,500000000,194383801,800293080,15,3,2,1,12,1,800293080,1
random_30,103,30,3,500000000,458704650,458704650,0,800293080,14,3,2,1,11,1,561432580,1
random_30,104,30,3,500000000,146947298,146947298,0,561432580,4,3,2,1,1,1,969851520,1
random_30,105,30,3,500000000,612527794,500000000,112527794,969851520,15,3,2,1,12,1,969851520,1
random_30,106,30,3,500000000,442832687,442832687,0,969851520,14,3,2,1,11,1,254832130,1
random_30,107,30,3,500000000,644894267,500000000,144894267,254832130,15,3,2,1,12,1,254832130,1
random_30,108,30,3,500000000,842780882,500000000,342780882,254832130,15,3,2,1,12,1,254832130,1
random_30,109,30,3,500000000,342981436,342981436,0,254832130,10,3,2,1,7,1,544275210,1
random_30,110,30,3,500000000,308531168,308531168,0,544275210,9,3,2,1,6,1,800210250,1
random_30,111,30,3,500000000,395679826,395679826,0,800210250,12,3,2,1,9,1,670605030,1
random_30,112,30,3,500000000,1403476828,500000000,903476828,670605030,15,3,2,1,12,1,670605030,1
random_30,113,30,3,500000000,1960452428,500000000,1460452428,670605030,15,3,2,1,12,1,670605030,1
random_30,114,30,3,500000000,1199490036,500000000,699490036,670605030,15,3,2,1,12,1,670605030,1
random_30,115,30,3,500000000,14187248,14187248,0,670605030,1,1,0,0,0,0,96222470,1
random_30,116,30,3,500000000,1623667416,500000000,1123667416,96222470,15,3,2,1,12,1,96222470,1
random_30,117,30,3,500000000,652595891,500000000,152595891,96222470,15,3,2,1,12,1,96222470,1
random_30,118,30,3,500000000,1449617912,500000000,949617912,96222470,15,3,2,1,12,1,96222470,1
random_30,119,30,3,500000000,727889219,500000000,227889219,96222470,15,3,2,1,12,1,96222470,1
random_30,120,30,3,500000000,1543390170,500000000,1043390170,96222470,15,3,2,1,12,1,96222470,1
random_30,121,30,3,500000000,1910157168,500000000,1410157168,96222470,15,3,2,1,12,1,96222470,1
random_30,122,30,3,500000000,1503008598,500000000,1003008598,96222470,15,3,2,1,12,1,96222470,1
random_30,123,30,3,500000000,275572190,275572190,0,96222470,8,3,2,1,5,1,363388170,1
random_30,124,30,3,500000000,1004319035,500000000,504319035,363388170,15,3,2,1,12,1,363388170,1
random_30,125,30,3,500000000,1005818517,500000000,505818517,363388170,15,3,2,1,12,1,363388170,1
random_30,126,30,3,500000000,898344956,500000000,398344956,363388170,15,3,2,1,12,1,363388170,1
random_30,127,30,3,500000000,618877851,500000000,118877851,363388170,15,3,2,1,12,1,363388170,1
random_30,128,30,3,500000000,1163187642,500000000,663187642,363388170,15,3,2,1,12,1,363388170,1
random_30,129,30,3,500000000,387287036,387287036,0,363388170,11,3,2,1,8,1,981999250,1
random_30,130,30,3,500000000,641188095,500000000,141188095,981999250,15,3,2,1,12,1,981999250,1
random_30,131,30,3,500000000,280537680,280537680,0,981999250,9,3,2,1,6,1,398129650,1
random_30,132,30,3,500000000,1121647739,500000000,621647739,398129650,15,3,2,1,12,1,398129650,1
random_30,133,30,3,500000000,1281056791,500000000,781056791,398129650,15,3,2,1,12,1,398129650,1
random_30,134,30,3,500000000,115623421,115623421,0,398129650,3,3,2,1,0,0,866832280,1
random_30,135,30,3,500000000,1668573583,500000000,1168573583,866832280,15,3,2,1,12,1,866832280,1
random_30,136,30,3,500000000,1845651653,500000000,1345651653,866832280,15,3,2,1,12,1,866832280,1
random_30,137,30,3,500000000,1576840082,500000000,1076840082,866832280,15,3,2,1,12,1,866832280,1
random_30,138,30,3,500000000,1804844770,500000000,1304844770,866832280,15,3,2,1,12,1,866832280,1
random_30,139,30,3,500000000,1837049980,500000000,1337049980,866832280,15,3,2,1,12,1,866832280,1
random_30,140,30,3,500000000,1274814450,500000000,774814450,866832280,15,3,2,1,12,1,866832280,1
random_30,141,30,3,500000000,763842167,500000000,263842167,866832280,15,3,2,1,12,1,866832280,1
random_30,142,30,3,500000000,1101775614,500000000,601775614,866832280,15,3,2,1,12,1,866832280,1
random_30,143,30,3,500000000,125967346,125967346,0,866832280,4,3,2,1,1,1,645852660,1
random_30,144,30,3,500000000,19672833,19672833,0,645852660,1,1,0,0,0,0,236037650,1
random_30,145,30,3,500000000,1460050496,500000000,960050496,236037650,15,3,2,1,12,1,236037650,1
random_30,146,30,3,500000000,502296445,500000000,2296445,236037650,15,3,2,1,12,1,236037650,1
random_30,147,30,3,500000000,919401178,500000000,419401178,236037650,15,3,2,1,12,1,236037650,1
random_30,148,30,3,500000000,772023754,500000000,272023754,236037650,15,3,2,1,12,1,236037650,1
random_30,149,30,3,500000000,1480045913,500000000,980045913,236037650,15,3,2,1,12,1,236037650,1
random_30,150,30,3,500000000,646265895,500000000,146265895,236037650,15,3,2,1,12,1,236037650,1
random_30,151,30,3,500000000,65408643,65408643,0,236037650,2,2,1,1,0,0,198296940,1
random_30,152,30,3,500000000,1070670344,500000000,570670344,198296940,15,3,2,1,12,1,198296940,1
random_30,153,30,3,500000000,1342949736,500000000,842949736,198296940,15,3,2,1,12,1,198296940,1
random_30,154,30,3,500000000,386157656,386157656,0,198296940,11,3,2,1,8,1,783026620,1
random_30,155,30,3,500000000,1004837210,500000000,504837210,783026620,15,3,2,1,12,1,783026620,1
random_30,156,30,3,500000000,1715625674,500000000,1215625674,783026620,15,3,2,1,12,1,783026620,1
random_30,157,30,3,500000000,442069233,442069233,0,783026620,14,3,2,1,11,1,45103610,1
random_30,158,30,3,500000000,196284984,196284984,0,45103610,5,3,2,1,2,1,933653130,1
random_30,159,30,3,500000000,1716719138,500000000,1216719138,933653130,15,3,2,1,12,1,933653130,1
random_30,160,30,3,500000000,1386843623,500000000,886843623,933653130,15,3,2,1,12,1,933653130,1
random_30,161,30,3,500000000,1996920618,500000000,1496920618,933653130,15,3,2,1,12,1,933653130,1
random_30,162,30,3,500000000,1073666322,500000000,573666322,933653130,15,3,2,1,12,1,933653130,1
random_30,163,30,3,500000000,718065111,500000000,218065111,933653130,15,3,2,1,12,1,933653130,1
random_30,164,30,3,500000000,1906349116,500000000,1406349116,933653130,15,3,2,1,12,1,933653130,1
random_30,165,30,3,500000000,151960197,151960197,0,933653130,5,3,2,1,2,1,492459040,1
random_30,166,30,3,500000000,88086084,88086084,0,492459040,3,3,2,1,0,0,135041560,1
random_30,167,30,3,500000000,95628208,95628208,0,135041560,3,3,2,1,0,0,3887800,1
random_30,168,30,3,500000000,1150790707,500000000,650790707,3887800,15,3,2,1,12,1,3887800,1
random_30,169,30,3,500000000,188874324,188874324,0,3887800,5,3,2,1,2,1,670117520,1
random_30,170,30,3,500000000,749721763,500000000,249721763,670117520,15,3,2,1,12,1,670117520,1
random_30,171,30,3,500000000,1153947017,500000000,653947017,670117520,15,3,2,1,12,1,670117520,1
random_30,172,30,3,500000000,93999348,93999348,0,670117520,3,3,2,1,0,0,490097960,1
random_30,173,30,3,500000000,1247396600,500000000,747396600,490097960,15,3,2,1,12,1,490097960,1
random_30,174,30,3,500000000,1569631467,500000000,1069631467,490097960,15,3,2,1,12,1,490097960,1
random_30,175,30,3,500000000,1521327864,500000000,1021327864,490097960,15,3,2,1,12,1,490097960,1
random_30,176,30,3,500000000,783794190,500000000,283794190,490097960,15,3,2,1,12,1,490097960,1
random_30,177,30,3,500000000,957717830,500000000,457717830,490097960,15,3,2,1,12,1,490097960,1
random_30,178,30,3,500000000,1814680360,500000000,1314680360,490097960,15,3,2,1,12,1,490097960,1
random_30,179,30,3,500000000,366525980,366525980,0,490097960,11,3,2,1,8,1,485877360,1
random_30,180,30,3,500000000,332014985,332014985,0,485877360,10,3,2,1,7,1,446326910,1
random_30,181,30,3,500000000,935492261,500000000,435492261,446326910,15,3,2,1,12,1,446326910,1
random_30,182,30,3,500000000,953699773,500000000,453699773,446326910,15,3,2,1,12,1,446326910,1
random_30,183,30,3,500000000,1364153990,500000000,864153990,446326910,15,3,2,1,12,1,446326910,1
random_30,184,30,3,500000000,827471065,500000000,327471065,446326910,15,3,2,1,12,1,446326910,1
random_30,185,30,3,500000000,1970443098,500000000,1470443098,446326910,15,3,2,1,12,1,446326910,1
random_30,186,30,3,500000000,66143286,66143286,0,446326910,2,2,1,1,0,0,430625490,1
random_30,187,30,3,500000000,300098339,300098339,0,430625490,9,3,2,1,6,1,433575660,1
random_30,188,30,3,500000000,512865043,500000000,12865043,433575660,15,3,2,1,12,1,433575660,1
random_30,189,30,3,500000000,1154299423,500000000,654299423,433575660,15,3,2,1,12,1,433575660,1
random_30,190,30,3,500000000,1622764048,500000000,1122764048,433575660,15,3,2,1,12,1,433575660,1
random_30,191,30,3,500000000,1594918849,500000000,1094918849,433575660,15,3,2,1,12,1,433575660,1
random_30,192,30,3,500000000,149206496,149206496,0,433575660,4,3,2,1,1,1,909770540,1
random_30,193,30,3,500000000,1125334172,500000000,625334172,909770540,15,3,2,1,12,1,909770540,1
random_30,194,30,3,500000000,1604949317,500000000,1104949317,909770540,15,3,2,1,12,1,909770540,1
random_30,195,30,3,500000000,333566675,333566675,0,909770540,10,3,2,1,7,1,916770790,1
random_30,196,30,3,500000000,1700203646,500000000,1200203646,916770790,15,3,2,1,12,1,916770790,1
random_30,197,30,3,500000000,431206306,431206306,0,916770790,13,3,2,1,10,1,852959970,1
random_30,198,30,3,500000000,1132027597,500000000,632027597,852959970,15,3,2,1,12,1,852959970,1
random_30,199,30,3,500000000,570500500,500000000,70500500,852959970,15,3,2,1,12,1,852959970,1
random_30,200,30,3,500000000,376676559,376676559,0,852959970,12,3,2,1,9,1,153256740,1
random_30,201,30,3,500000000,779704141,500000000,279704141,153256740,15,3,2,1,12,1,153256740,1
random_30,202,30,3,500000000,485591871,485591871,0,153256740,14,3,2,1,11,1,721012870,1
random_30,203,30,3,500000000,1966982111,500000000,1466982111,721012870,15,3,2,1,12,1,721012870,1
random_30,204,30,3,500000000,1827314229,500000000,1327314229,721012870,15,3,2,1,12,1,721012870,1
random_30,205,30,3,500000000,937106041,500000000,437106041,721012870,15,3,2,1,12,1,721012870,1
random_30,206,30,3,500000000,1866244228,500000000,1366244228,721012870,15,3,2,1,12,1,721012870,1
random_30,207,30,3,500000000,1358450200,500000000,858450200,721012870,15,3,2,1,12,1,721012870,1
random_30,208,30,3,500000000,1170713728,500000000,670713728,721012870,15,3,2,1,12,1,721012870,1
random_30,209,30,3,500000000,1524987506,500000000,1024987506,721012870,15,3,2,1,12,1,721012870,1
random_30,210,30,3,500000000,1028459074,500000000,528459074,721012870,15,3,2,1,12,1,721012870,1
random_30,211,30,3,500000000,1339656716,500000000,839656716,721012870,15,3,2,1,12,1,721012870,1
random_30,212,30,3,500000000,212522971,212522971,0,721012870,7,3,2,1,4,1,96702000,1
random_30,213,30,3,500000000,1057232938,500000000,557232938,96702000,15,3,2,1,12,1,96702000,1
random_30,214,30,3,500000000,1239303469,500000000,739303469,96702000,15,3,2,1,12,1,96702000,1
random_30,215,30,3,500000000,1252712242,500000000,752712242,96702000,15,3,2,1,12,1,96702000,1
random_30,216,30,3,500000000,1042702118,500000000,542702118,96702000,15,3,2,1,12,1,96702000,1
random_30,217,30,3,500000000,712012859,500000000,212012859,96702000,15,3,2,1,12,1,96702000,1
random_30,218,30,3,500000000,783657750,500000000,283657750,96702000,15,3,2,1,12,1,96702000,1
random_30,219,30,3,500000000,1662768360,500000000,1162768360,96702000,15,3,2,1,12,1,96702000,1
random_30,220,30,3,500000000,303705937,303705937,0,96702000,9,3,2,1,6,1,207880110,1
random_30,221,30,3,500000000,927387403,500000000,427387403,207880110,15,3,2,1,12,1,207880110,1
random_30,222,30,3,500000000,608344001,500000000,108344001,207880110,15,3,2,1,12,1,207880110,1
random_30,223,30,3,500000000,1419790960,500000000,919790960,207880110,15,3,2,1,12,1,207880110,1
random_30,224,30,3,500000000,394458064,394458064,0,207880110,12,3,2,1,9,1,41622030,1
random_30,225,30,3,500000000,1112397481,500000000,612397481,41622030,15,3,2,1,12,1,41622030,1
random_30,226,30,3,500000000,146556460,146556460,0,41622030,4,3,2,1,1,1,438315830,1
random_30,227,30,3,500000000,738063841,500000000,238063841,438315830,15,3,2,1,12,1,438315830,1
random_30,228,30,3,500000000,1245247827,500000000,745247827,438315830,15,3,2,1,12,1,438315830,1
random_30,229,30,3,500000000,1338517927,500000000,838517927,438315830,15,3,2,1,12,1,438315830,1
random_30,230,30,3,500000000,1688444049,500000000,1188444049,438315830,15,3,2,1,12,1,438315830,1
random_30,231,30,3,500000000,260853732,260853732,0,438315830,8,3,2,1,5,1,263927790,1
random_30,232,30,3,500000000,1305246215,500000000,805246215,263927790,15,3,2,1,12,1,263927790,1
random_30,233,30,3,500000000,997140659,500000000,497140659,263927790,15,3,2,1,12,1,263927790,1
random_30,234,30,3,500000000,801892970,500000000,301892970,263927790,15,3,2,1,12,1,263927790,1
random_30,235,30,3,500000000,502769345,500000000,2769345,263927790,15,3,2,1,12,1,263927790,1
random_30,236,30,3,500000000,1781032813,500000000,1281032813,263927790,15,3,2,1,12,1,263927790,1
random_30,237,30,3,500000000,1711316233,500000000,1211316233,263927790,15,3,2,1,12,1,263927790,1
random_30,238,30,3,500000000,1771806870,500000000,1271806870,263927790,15,3,2,1,12,1,263927790,1
random_30,239,30,3,500000000,1760849541,500000000,1260849541,263927790,15,3,2,1,12,1,263927790,1
random_30,240,30,3,500000000,973774222,500000000,473774222,263927790,15,3,2,1,12,1,263927790,1
random_30,241,30,3,500000000,640866379,500000000,140866379,263927790,15,3,2,1,12,1,263927790,1
random_30,242,30,3,500000000,1054526665,500000000,554526665,263927790,15,3,2,1,12,1,263927790,1
random_30,243,30,3,500000000,456254130,456254130,0,263927790,13,3,2,1,10,1,951551690,1
random_30,244,30,3,500000000,1970157472,500000000,1470157472,951551690,15,3,2,1,12,1,951551690,1
random_30,245,30,3,500000000,369467917,369467917,0,951551690,12,3,2,1,9,1,35589200,1
random_30,246,30,3,500000000,1275178966,500000000,775178966,35589200,15,3,2,1,12,1,35589200,1
random_30,247,30,3,500000000,735483307,500000000,235483307,35589200,15,3,2,1,12,1,35589200,1
random_30,248,30,3,500000000,139789800,139789800,0,35589200,4,3,2,1,1,1,229283200,1
random_30,249,30,3,500000000,470559649,470559649,0,229283200,14,3,2,1,11,1,346072670,1
random_30,250,30,3,500000000,1745061866,500000000,1245061866,346072670,15,3,2,1,12,1,346072670,1
random_30,251,30,3,500000000,913156833,500000000,413156833,346072670,15,3,2,1,12,1,346072670,1
random_30,252,30,3,500000000,227373522,227373522,0,346072670,7,3,2,1,4,1,167278330,1
random_30,253,30,3,500000000,413006702,413006702,0,167278330,12,3,2,1,9,1,557479390,1
random_30,254,30,3,500000000,776699574,500000000,276699574,557479390,15,3,2,1,12,1,557479390,1
random_30,255,30,3,500000000,684420435,500000000,184420435,557479390,15,3,2,1,12,1,557479390,1
random_60,0,60,10,100000000,1595277769,100000000,1495277769,0,6,6,5,1,0,0,0,1
random_60,1,60,10,100000000,1173096016,100000000,1073096016,0,6,6,5,1,0,0,0,1
random_60,2,60,10,100000000,465289800,100000000,365289800,0,6,6,5,1,0,0,0,1
random_60,3,60,10,100000000,1553311906,100000000,1453311906,0,6,6,5,1,0,0,0,1
random_60,4,60,10,100000000,138287910,100000000,38287910,0,6,6,5,1,0,0,0,1
random_60,5,60,10,100000000,1255289653,100000000,1155289653,0,6,6,5,1,0,0,0,1
random_60,6,60,10,100000000,723595257,100000000,623595257,0,6,6,5,1,0,0,0,1
random_60,7,60,10,100000000,196990,196990,0,0,0,0,0,0,0,0,11819400,1
random_60,8,60,10,100000000,602872602,100000000,502872602,11819400,6,6,5,1,0,0,11819400,1
random_60,9,60,10,100000000,1070562706,100000000,970562706,11819400,6,6,5,1,0,0,11819400,1
random_60,10,60,10,100000000,665380784,100000000,565380784,11819400,6,6,5,1,0,0,11819400,1
random_60,11,60,10,100000000,639477704,100000000,539477704,11819400,6,6,5,1,0,0,11819400,1
random_60,12,60,10,100000000,619933079,100000000,519933079,11819400,6,6,5,1,0,0,11819400,1
random_60,13,60,10,100000000,128235195,100000000,28235195,11819400,6,6,5,1,0,0,11819400,1
random_60,14,60,10,100000000,1902522669,100000000,1802522669,11819400,6,6,5,1,0,0,11819400,1
random_60,15,60,10,100000000,1883007168,100000000,1783007168,11819400,6,6,5,1,0,0,11819400,1
random_60,16,60,10,100000000,614381969,100000000,514381969,11819400,6,6,5,1,0,0,11819400,1
random_60,17,60,10,100000000,481329394,100000000,381329394,11819400,6,6,5,1,0,0,11819400,1
random_60,18,60,10,100000000,1452800519,100000000,1352800519,11819400,6,6,5,1,0,0,11819400,1
random_60,19,60,10,100000000,762891685,100000000,662891685,11819400,6,6,5,1,0,0,11819400,1
random_60,20,60,10,100000000,308915748,100000000,208915748,11819400,6,6,5,1,0,0,11819400,1
random_60,21,60,10,100000000,965273010,100000000,865273010,11819400,6,6,5,1,0,0,11819400,1
random_60,22,60,10,100000000,1264860614,100000000,1164860614,11819400,6,6,5,1,0,0,11819400,1
random_60,23,60,10,100000000,439790289,100000000,339790289,11819400,6,6,5,1,0,0,11819400,1
random_60,24,60,10,100000000,806422460,100000000,706422460,11819400,6,6,5,1,0,0,11819400,1
random_60,25,60,10,100000000,1397531358,100000000,1297531358,11819400,6,6,5,1,0,0,11819400,1
random_60,26,60,10,100000000,1818539650,100000000,1718539650,11819400,6,6,5,1,0,0,11819400,1
random_60,27,60,10,100000000,1988040288,100000000,1888040288,11819400,6,6,5,1,0,0,11819400,1
random_60,28,60,10,100000000,1383858405,100000000,1283858405,11819400,6,6,5,1,0,0,11819400,1
random_60,29,60,10,100000000,258058800,100000000,158058800,11819400,6,6,5,1,0,0,11819400,1
random_60,30,60,10,100000000,949376989,100000000,849376989,11819400,6,6,5,1,0,0,11819400,1
random_60,31,60,10,100000000,610859377,100000000,510859377,11819400,6,6,5,1,0,0,11819400,1
random_60,32,60,10,100000000,242850731,100000000,142850731,11819400,6,6,5,1,0,0,11819400,1
random_60,33,60,10,100000000,1676791812,100000000,1576791812,11819400,6,6,5,1,0,0,11819400,1
random_60,34,60,10,100000000,1456400038,100000000,1356400038,11819400,6,6,5,1,0,0,11819400,1
random_60,35,60,10,100000000,1414016143,100000000,1314016143,11819400,6,6,5,1,0,0,11819400,1
random_60,36,60,10,100000000,1928084004,100000000,1828084004,11819400,6,6,5,1,0,0,11819400,1
random_60,37,60,10,100000000,556632161,100000000,456632161,11819400,6,6,5,1,0,0,11819400,1
random_60,38,60,10,100000000,619359794,100000000,519359794,11819400,6,6,5,1,0,0,11819400,1
random_60,39,60,10,100000000,739893237,100000000,639893237,11819400,6,6,5,1,0,0,11819400,1
random_60,40,60,10,100000000,1197893079,100000000,1097893079,11819400,6,6,5,1,0,0,11819400,1
random_60,41,60,10,100000000,1502916888,100000000,1402916888,11819400,6,6,5,1,0,0,11819400,1
random_60,42,60,10,100000000,1227856812,100000000,1127856812,11819400,6,6,5,1,0,0,11819400,1
random_60,43,60,10,100000000,657789583,100000000,557789583,11819400,6,6,5,1,0,0,11819400,1
random_60,44,60,10,100000000,1274424308,100000000,1174424308,11819400,6,6,5,1,0,0,11819400,1
random_60,45,60,10,100000000,1933214862,100000000,1833214862,11819400,6,6,5,1,0,0,11819400,1
random_60,46,60,10,100000000,149949577,100000000,49949577,11819400,6,6,5,1,0,0,11819400,1
random_60,47,60,10,100000000,1513606399,100000000,1413606399,11819400,6,6,5,1,0,0,11819400,1
random_60,48,60,10,100000000,481780539,100000000,381780539,11819400,6,6,5,1,0,0,11819400,1
random_60,49,60,10,100000000,26046163,26046163,0,11819400,1,1,0,0,0,0,574589180,1
random_60,50,60,10,100000000,1010125310,100000000,910125310,574589180,6,6,5,1,0,0,574589180,1
random_60,51,60,10,100000000,1862272738,100000000,1762272738,574589180,6,6,5,1,0,0,574589180,1
random_60,52,60,10,100000000,1162599519,100000000,1062599519,574589180,6,6,5,1,0,0,574589180,1
random_60,53,60,10,100000000,794253388,100000000,694253388,574589180,6,6,5,1,0,0,574589180,1
random_60,54,60,10,100000000,1921329613,100000000,1821329613,574589180,6,6,5,1,0,0,574589180,1
random_60,55,60,10,100000000,1724436344,100000000,1624436344,574589180,6,6,5,1,0,0,574589180,1
random_60,56,60,10,100000000,736860922,100000000,636860922,574589180,6,6,5,1,0,0,574589180,1
random_60,57,60,10,100000000,336623046,100000000,236623046,574589180,6,6,5,1,0,0,574589180,1
random_60,58,60,10,100000000,536127535,100000000,436127535,574589180,6,6,5,1,0,0,574589180,1
random_60,59,60,10,100000000,640519995,100000000,540519995,574589180,6,6,5,1,0,0,574589180,1
random_60,60,60,10,100000000,916520680,100000000,816520680,574589180,6,6,5,1,0,0,574589180,1
random_60,61,60,10,100000000,569609067,100000000,469609067,574589180,6,6,5,1,0,0,574589180,1
random_60,62,60,10,100000000,1855555931,100000000,1755555931,574589180,6,6,5,1,0,0,574589180,1
random_60,63,60,10,100000000,971659238,100000000,871659238,574589180,6,6,5,1,0,0,574589180,1
random_60,64,60,10,100000000,1084669077,100000000,984669077,574589180,6,6,5,1,0,0,574589180,1
random_60,65,60,10,100000000,699634251,100000000,599634251,574589180,6,6,5,1,0,0,574589180,1
random_60,66,60,10,100000000,1083526786,100000000,983526786,574589180,6,6,5,1,0,0,574589180,1
random_60,67,60,10,100000000,1373431005,100000000,1273431005,574589180,6,6,5,1,0,0,574589180,1
random_60,68,60,10,100000000,1813811058,100000000,1713811058,574589180,6,6,5,1,0,0,574589180,1
random_60,69,60,10,100000000,401492338,100000000,301492338,574589180,6,6,5,1,0,0,574589180,1
random_60,70,60,10,100000000,1128751328,100000000,1028751328,574589180,6,6,5,1,0,0,574589180,1
random_60,71,60,10,100000000,1581404681,100000000,1481404681,574589180,6,6,5,1,0,0,574589180,1
random_60,72,60,10,100000000,782096794,100000000,682096794,574589180,6,6,5,1,0,0,574589180,1
random_60,73,60,10,100000000,98212854,98212854,0,574589180,6,6,5,1,0,0,467360420,1
random_60,74,60,10,100000000,44292871,44292871,0,467360420,3,3,2,1,0,0,124932680,1
random_60,75,60,10,100000000,1564759474,100000000,1464759474,124932680,6,6,5,1,0,0,124932680,1
random_60,76,60,10,100000000,1822733943,100000000,1722733943,124932680,6,6,5,1,0,0,124932680,1
random_60,77,60,10,100000000,1669847369,100000000,1569847369,124932680,6,6,5,1,0,0,124932680,1
random_60,78,60,10,100000000,1283261227,100000000,1183261227,124932680,6,6,5,1,0,0,124932680,1
random_60,79,60,10,100000000,167613709,100000000,67613709,124932680,6,6,5,1,0,0,124932680,1
random_60,80,60,10,100000000,519891494,100000000,419891494,124932680,6,6,5,1,0,0,124932680,1
random_60,81,60,10,100000000,1843905793,100000000,1743905793,124932680,6,6,5,1,0,0,124932680,1
random_60,82,60,10,100000000,289680125,100000000,189680125,124932680,6,6,5,1,0,0,124932680,1
random_60,83,60,10,100000000,634366478,100000000,534366478,124932680,6,6,5,1,0,0,124932680,1
random_60,84,60,10,100000000,173602670,100000000,73602670,124932680,6,6,5,1,0,0,124932680,1
random_60,85,60,10,100000000,1073427318,100000000,973427318,124932680,6,6,5,1,0,0,124932680,1
random_60,86,60,10,100000000,446420275,100000000,346420275,124932680,6,6,5,1,0,0,124932680,1
random_60,87,60,10,100000000,238488101,100000000,138488101,124932680,6,6,5,1,0,0,124932680,1
random_60,88,60,10,100000000,1275740053,100000000,1175740053,124932680,6,6,5,1,0,0,124932680,1
random_60,89,60,10,100000000,1647799535,100000000,1547799535,124932680,6,6,5,1,0,0,124932680,1
random_60,90,60,10,100000000,1470521959,100000000,1370521959,124932680,6,6,5,1,0,0,124932680,1
random_60,91,60,10,100000000,1333948953,100000000,1233948953,124932680,6,6,5,1,0,0,124932680,1
random_60,92,60,10,100000000,1104039261,100000000,1004039261,124932680,6,6,5,1,0,0,124932680,1
random_60,93,60,10,100000000,1636832600,100000000,1536832600,124932680,6,6,5,1,0,0,124932680,1
random_60,94,60,10,100000000,1117548387,100000000,1017548387,124932680,6,6,5,1,0,0,124932680,1
random_60,95,60,10,100000000,1240509361,100000000,1140509361,124932680,6,6,5,1,0,0,124932680,1
random_60,96,60,10,100000000,1207485791,100000000,1107485791,124932680,6,6,5,1,0,0,124932680,1
random_60,97,60,10,100000000,141966059,100000000,41966059,124932680,6,6,5,1,0,0,124932680,1
random_60,98,60,10,100000000,29285769,29285769,0,124932680,1,1,0,0,0,0,882078820,1
random_60,99,60,10,100000000,312970431,100000000,212970431,882078820,6,6,5,1,0,0,882078820,1
random_60,100,60,10,100000000,234300376,100000000,134300376,882078820,6,6,5,1,0,0,882078820,1
random_60,101,60,10,100000000,1144630067,100000000,1044630067,882078820,6,6,5,1,0,0,882078820,1
random_60,102,60,10,100000000,468790363,100000000,368790363,882078820,6,6,5,1,0,0,882078820,1
random_60,103,60,10,100000000,1585950623,100000000,1485950623,882078820,6,6,5,1,0,0,882078820,1
random_60,104,60,10,100000000,559103961,100000000,459103961,882078820,6,6,5,1,0,0,882078820,1
random_60,105,60,10,100000000,1301977894,100000000,1201977894,882078820,6,6,5,1,0,0,882078820,1
random_60,106,60,10,100000000,319516670,100000000,219516670,882078820,6,6,5,1,0,0,882078820,1
random_60,107,60,10,100000000,590365041,100000000,490365041,882078820,6,6,5,1,0,0,882078820,1
random_60,108,60,10,100000000,392469837,100000000,292469837,882078820,6,6,5,1,0,0,882078820,1
random_60,109,60,10,100000000,1923954014,100000000,1823954014,882078820,6,6,5,1,0,0,882078820,1
random_60,110,60,10,100000000,1085165631,100000000,985165631,882078820,6,6,5,1,0,0,882078820,1
random_60,111,60,10,100000000,1635613084,100000000,1535613084,882078820,6,6,5,1,0,0,882078820,1
random_60,112,60,10,100000000,1794467802,100000000,1694467802,882078820,6,6,5,1,0,0,882078820,1
random_60,113,60,10,100000000,1997892580,100000000,1897892580,882078820,6,6,5,1,0,0,882078820,1
random_60,114,60,10,100000000,239760889,100000000,139760889,882078820,6,6,5,1,0,0,882078820,1
random_60,115,60,10,100000000,825617677,100000000,725617677,882078820,6,6,5,1,0,0,882078820,1
random_60,116,60,10,100000000,664718859,100000000,564718859,882078820,6,6,5,1,0,0,882078820,1
random_60,117,60,10,100000000,1312243880,100000000,1212243880,882078820,6,6,5,1,0,0,882078820,1
random_60,118,60,10,100000000,1564893288,100000000,1464893288,882078820,6,6,5,1,0,0,882078820,1
random_60,119,60,10,100000000,1199842597,100000000,1099842597,882078820,6,6,5,1,0,0,882078820,1
random_60,120,60,10,100000000,170665191,100000000,70665191,882078820,6,6,5,1,0,0,882078820,1
random_60,121,60,10,100000000,153705942,100000000,53705942,882078820,6,6,5,1,0,0,882078820,1
random_60,122,60,10,100000000,52842450,52842450,0,882078820,4,4,3,1,0,0,52625820,1
random_60,123,60,10,100000000,1532781660,100000000,1432781660,52625820,6,6,5,1,0,0,52625820,1
random_60,124,60,10,100000000,461451301,100000000,361451301,52625820,6,6,5,1,0,0,52625820,1
random_60,125,60,10,100000000,1543343908,100000000,1443343908,52625820,6,6,5,1,0,0,52625820,1
random_60,126,60,10,100000000,416391192,100000000,316391192,52625820,6,6,5,1,0,0,52625820,1
random_60,127,60,10,100000000,218076599,100000000,118076599,52625820,6,6,5,1,0,0,52625820,1
random_60,128,60,10,100000000,529930622,100000000,429930622,52625820,6,6,5,1,0,0,52625820,1
random_60,129,60,10,100000000,1390738650,100000000,1290738650,52625820,6,6,5,1,0,0,52625820,1
random_60,130,60,10,100000000,1450170852,100000000,1350170852,52625820,6,6,5,1,0,0,52625820,1
random_60,131,60,10,100000000,1362477593,100000000,1262477593,52625820,6,6,5,1,0,0,52625820,1
random_60,132,60,10,100000000,1523338344,100000000,1423338344,52625820,6,6,5,1,0,0,52625820,1
random_60,133,60,10,100000000,247991177,100000000,147991177,52625820,6,6,5,1,0,0,52625820,1
random_60,134,60,10,100000000,1469176262,100000000,1369176262,52625820,6,6,5,1,0,0,52625820,1
random_60,135,60,10,100000000,1709873567,100000000,1609873567,52625820,6,6,5,1,0,0,52625820,1
random_60,136,60,10,100000000,1448795506,100000000,1348795506,52625820,6,6,5,1,0,0,52625820,1
random_60,137,60,10,100000000,1012229916,100000000,912229916,52625820,6,6,5,1,0,0,52625820,1
random_60,138,60,10,100000000,1440990768,100000000,1340990768,52625820,6,6,5,1,0,0,52625820,1
random_60,139,60,10,100000000,907814648,100000000,807814648,52625820,6,6,5,1,0,0,52625820,1
random_60,140,60,10,100000000,454711978,100000000,354711978,52625820,6,6,5,1,0,0,52625820,1
random_60,141,60,10,100000000,1957983856,100000000,1857983856,52625820,6,6,5,1,0,0,52625820,1
random_60,142,60,10,100000000,460610199,100000000,360610199,52625820,6,6,5,1,0,0,52625820,1
random_60,143,60,10,100000000,1375438146,100000000,1275438146,52625820,6,6,5,1,0,0,52625820,1
random_60,144,60,10,100000000,1924532969,100000000,1824532969,52625820,6,6,5,1,0,0,52625820,1
random_60,145,60,10,100000000,29017272,29017272,0,52625820,1,1,0,0,0,0,793662140,1
random_60,146,60,10,100000000,1943376216,100000000,1843376216,793662140,6,6,5,1,0,0,793662140,1
random_60,147,60,10,100000000,1921682252,100000000,1821682252,793662140,6,6,5,1,0,0,793662140,1
random_60,148,60,10,100000000,713884559,100000000,613884559,793662140,6,6,5,1,0,0,793662140,1
random_60,149,60,10,100000000,962051685,100000000,862051685,793662140,6,6,5,1,0,0,793662140,1
random_60,150,60,10,100000000,1388000206,100000000,1288000206,793662140,6,6,5,1,0,0,793662140,1
random_60,151,60,10,100000000,478150353,100000000,378150353,793662140,6,6,5,1,0,0,793662140,1
random_60,152,60,10,100000000,652743132,100000000,552743132,793662140,6,6,5,1,0,0,793662140,1
random_60,153,60,10,100000000,698692331,100000000,598692331,793662140,6,6,5,1,0,0,793662140,1
random_60,154,60,10,100000000,860238019,100000000,760238019,793662140,6,6,5,1,0,0,793662140,1
random_60,155,60,10,100000000,1007555051,100000000,907555051,793662140,6,6,5,1,0,0,793662140,1
random_60,156,60,10,100000000,508898450,100000000,408898450,793662140,6,6,5,1,0,0,793662140,1
random_60,157,60,10,100000000,1416974264,100000000,1316974264,793662140,6,6,5,1,0,0,793662140,1
random_60,158,60,10,100000000,719792911,100000000,619792911,793662140,6,6,5,1,0,0,793662140,1
random_60,159,60,10,100000000,1921254850,100000000,1821254850,793662140,6,6,5,1,0,0,793662140,1
random_60,160,60,10,100000000,306978558,100000000,206978558,793662140,6,6,5,1,0,0,793662140,1
random_60,161,60,10,100000000,1177409049,100000000,1077409049,793662140,6,6,5,1,0,0,793662140,1
random_60,162,60,10,100000000,635679055,100000000,535679055,793662140,6,6,5,1,0,0,793662140,1
random_60,163,60,10,100000000,305112636,100000000,205112636,793662140,6,6,5,1,0,0,793662140,1
random_60,164,60,10,100000000,1493360058,100000000,1393360058,793662140,6,6,5,1,0,0,793662140,1
random_60,165,60,10,100000000,1747437362,100000000,1647437362,793662140,6,6,5,1,0,0,793662140,1
random_60,166,60,10,100000000,943468224,100000000,843468224,793662140,6,6,5,1,0,0,793662140,1
random_60,167,60,10,100000000,156318898,100000000,56318898,793662140,6,6,5,1,0,0,793662140,1
random_60,168,60,10,100000000,152025394,100000000,52025394,793662140,6,6,5,1,0,0,793662140,1
random_60,169,60,10,100000000,1579987261,100000000,1479987261,793662140,6,6,5,1,0,0,793662140,1
random_60,170,60,10,100000000,1651698838,100000000,1551698838,793662140,6,6,5,1,0,0,793662140,1
random_60,171,60,10,100000000,729151384,100000000,629151384,793662140,6,6,5,1,0,0,793662140,1
random_60,172,60,10,100000000,131688208,100000000,31688208,793662140,6,6,5,1,0,0,793662140,1
random_60,173,60,10,100000000,1300194210,100000000,1200194210,793662140,6,6,5,1,0,0,793662140,1
random_60,174,60,10,100000000,677935470,100000000,577935470,793662140,6,6,5,1,0,0,793662140,1
random_60,175,60,10,100000000,1723485115,100000000,1623485115,793662140,6,6,5,1,0,0,793662140,1
random_60,176,60,10,100000000,775510400,100000000,675510400,793662140,6,6,5,1,0,0,793662140,1
random_60,177,60,10,100000000,1382967537,100000000,1282967537,793662140,6,6,5,1,0,0,793662140,1
random_60,178,60,10,100000000,1405519638,100000000,1305519638,793662140,6,6,5,1,0,0,793662140,1
random_60,179,60,10,100000000,1024182940,100000000,924182940,793662140,6,6,5,1,0,0,793662140,1
random_60,180,60,10,100000000,274368188,100000000,174368188,793662140,6,6,5,1,0,0,793662140,1
random_60,181,60,10,100000000,924526064,100000000,824526064,793662140,6,6,5,1,0,0,793662140,1
random_60,182,60,10,100000000,610938290,100000000,510938290,793662140,6,6,5,1,0,0,793662140,1
random_60,183,60,10,100000000,1280503643,100000000,1180503643,793662140,6,6,5,1,0,0,793662140,1
random_60,184,60,10,100000000,1660633102,100000000,1560633102,793662140,6,6,5,1,0,0,793662140,1
random_60,185,60,10,100000000,438108237,100000000,338108237,793662140,6,6,5,1,0,0,793662140,1
random_60,186,60,10,100000000,325652023,100000000,225652023,793662140,6,6,5,1,0,0,793662140,1
random_60,187,60,10,100000000,1719797165,100000000,1619797165,793662140,6,6,5,1,0,0,793662140,1
random_60,188,60,10,100000000,665724028,100000000,565724028,793662140,6,6,5,1,0,0,793662140,1
random_60,189,60,10,100000000,156845359,100000000,56845359,793662140,6,6,5,1,0,0,793662140,1
random_60,190,60,10,100000000,1835069228,100000000,1735069228,793662140,6,6,5,1,0,0,793662140,1
random_60,191,60,10,100000000,341488227,100000000,241488227,793662140,6,6,5,1,0,0,793662140,1
random_60,192,60,10,100000000,1436387095,100000000,1336387095,793662140,6,6,5,1,0,0,793662140,1
random_60,193,60,10,100000000,616027042,100000000,516027042,793662140,6,6,5,1,0,0,793662140,1
random_60,194,60,10,100000000,1681820709,100000000,1581820709,793662140,6,6,5,1,0,0,793662140,1
random_60,195,60,10,100000000,867909892,100000000,767909892,793662140,6,6,5,1,0,0,793662140,1
random_60,196,60,10,100000000,771205568,100000000,671205568,793662140,6,6,5,1,0,0,793662140,1
random_60,197,60,10,100000000,416251567,100000000,316251567,793662140,6,6,5,1,0,0,793662140,1
random_60,198,60,10,100000000,1237023741,100000000,1137023741,793662140,6,6,5,1,0,0,793662140,1
random_60,199,60,10,100000000,1066088689,100000000,966088689,793662140,6,6,5,1,0,0,793662140,1
random_60,200,60,10,100000000,63190544,63190544,0,793662140,4,4,3,1,0,0,585094780,1
random_60,201,60,10,100000000,569275003,100000000,469275003,585094780,6,6,5,1,0,0,585094780,1
random_60,202,60,10,100000000,1098565578,100000000,998565578,585094780,6,6,5,1,0,0,585094780,1
random_60,203,60,10,100000000,823251317,100000000,723251317,585094780,6,6,5,1,0,0,585094780,1
random_60,204,60,10,100000000,1124050993,100000000,1024050993,585094780,6,6,5,1,0,0,585094780,1
random_60,205,60,10,100000000,1294146549,100000000,1194146549,585094780,6,6,5,1,0,0,585094780,1
random_60,206,60,10,100000000,1071708206,100000000,971708206,585094780,6,6,5,1,0,0,585094780,1
random_60,207,60,10,100000000,275161369,100000000,175161369,585094780,6,6,5,1,0,0,585094780,1
random_60,208,60,10,100000000,1794309984,100000000,1694309984,585094780,6,6,5,1,0,0,585094780,1
random_60,209,60,10,100000000,1967442164,100000000,1867442164,585094780,6,6,5,1,0,0,585094780,1
random_60,210,60,10,100000000,823442034,100000000,723442034,585094780,6,6,5,1,0,0,585094780,1
random_60,211,60,10,100000000,1294985516,100000000,1194985516,585094780,6,6,5,1,0,0,585094780,1
random_60,212,60,10,100000000,1095962072,100000000,995962072,585094780,6,6,5,1,0,0,585094780,1
random_60,213,60,10,100000000,1604941124,100000000,1504941124,585094780,6,6,5,1,0,0,585094780,1
random_60,214,60,10,100000000,932782313,100000000,832782313,585094780,6,6,5,1,0,0,585094780,1
random_60,215,60,10,100000000,1181965310,100000000,1081965310,585094780,6,6,5,1,0,0,585094780,1
random_60,216,60,10,100000000,529526317,100000000,429526317,585094780,6,6,5,1,0,0,585094780,1
random_60,217,60,10,100000000,310260627,100000000,210260627,585094780,6,6,5,1,0,0,585094780,1
random_60,218,60,10,100000000,43686232,43686232,0,585094780,3,3,2,1,0,0,206268700,1
random_60,219,60,10,100000000,1819476364,100000000,1719476364,206268700,6,6,5,1,0,0,206268700,1
random_60,220,60,10,100000000,1300448115,100000000,1200448115,206268700,6,6,5,1,0,0,206268700,1
random_60,221,60,10,100000000,1128626205,100000000,1028626205,206268700,6,6,5,1,0,0,206268700,1
random_60,222,60,10,100000000,297926609,100000000,197926609,206268700,6,6,5,1,0,0,206268700,1
random_60,223,60,10,100000000,1179207157,100000000,1079207157,206268700,6,6,5,1,0,0,206268700,1
random_60,224,60,10,100000000,5479433,5479433,0,206268700,0,0,0,0,0,0,535034680,1
random_60,225,60,10,100000000,1349909434,100000000,1249909434,535034680,6,6,5,1,0,0,535034680,1
random_60,226,60,10,100000000,132701635,100000000,32701635,535034680,6,6,5,1,0,0,535034680,1
random_60,227,60,10,100000000,1139990258,100000000,1039990258,535034680,6,6,5,1,0,0,535034680,1
random_60,228,60,10,100000000,1666231109,100000000,1566231109,535034680,6,6,5,1,0,0,535034680,1
random_60,229,60,10,100000000,1676048312,100000000,1576048312,535034680,6,6,5,1,0,0,535034680,1
random_60,230,60,10,100000000,530551364,100000000,430551364,535034680,6,6,5,1,0,0,535034680,1
random_60,231,60,10,100000000,558596049,100000000,458596049,535034680,6,6,5,1,0,0,535034680,1
random_60,232,60,10,100000000,1564580140,100000000,1464580140,535034680,6,6,5,1,0,0,535034680,1
random_60,233,60,10,100000000,174424950,100000000,74424950,535034680,6,6,5,1,0,0,535034680,1
random_60,234,60,10,100000000,636132591,100000000,536132591,535034680,6,6,5,1,0,0,535034680,1
random_60,235,60,10,100000000,472102534,100000000,372102534,535034680,6,6,5,1,0,0,535034680,1
random_60,236,60,10,100000000,819970391,100000000,719970391,535034680,6,6,5,1,0,0,535034680,1
random_60,237,60,10,100000000,1566891333,100000000,1466891333,535034680,6,6,5,1,0,0,535034680,1
random_60,238,60,10,100000000,1952603485,100000000,1852603485,535034680,6,6,5,1,0,0,535034680,1
random_60,239,60,10,100000000,647863049,100000000,547863049,535034680,6,6,5,1,0,0,535034680,1
random_60,240,60,10,100000000,1731080402,100000000,1631080402,535034680,6,6,5,1,0,0,535034680,1
random_60,241,60,10,100000000,663100273,100000000,563100273,535034680,6,6,5,1,0,0,535034680,1
random_60,242,60,10,100000000,1549334998,100000000,1449334998,535034680,6,6,5,1,0,0,535034680,1
random_60,243,60,10,100000000,224311641,100000000,124311641,535034680,6,6,5,1,0,0,535034680,1
random_60,244,60,10,100000000,1549281558,100000000,1449281558,535034680,6,6,5,1,0,0,535034680,1
random_60,245,60,10,100000000,1078467593,100000000,978467593,535034680,6,6,5,1,0,0,535034680,1
random_60,246,60,10,100000000,209010860,100000000,109010860,535034680,6,6,5,1,0,0,535034680,1
random_60,247,60,10,100000000,679604817,100000000,579604817,535034680,6,6,5,1,0,0,535034680,1
random_60,248,60,10,100000000,928608132,100000000,828608132,535034680,6,6,5,1,0,0,535034680,1
random_60,249,60,10,100000000,1198035590,100000000,1098035590,535034680,6,6,5,1,0,0,535034680,1
random_60,250,60,10,100000000,1941806064,100000000,1841806064,535034680,6,6,5,1,0,0,535034680,1
random_60,251,60,10,100000000,1357685380,100000000,1257685380,535034680,6,6,5,1,0,0,535034680,1
random_60,252,60,10,100000000,1508362711,100000000,1408362711,535034680,6,6,5,1,0,0,535034680,1
random_60,253,60,10,100000000,802689032,100000000,702689032,535034680,6,6,5,1,0,0,535034680,1
random_60,254,60,10,100000000,1315299836,100000000,1215299836,535034680,6,6,5,1,0,0,535034680,1
random_60,255,60,10,100000000,1018031312,100000000,918031312,535034680,6,6,5,1,0,0,535034680,1
random_20,0,20,1,1000000000,107398045,107398045,0,0,2,1,0,0,1,1,147960900,1
random_20,1,20,1,1000000000,711699940,711699940,0,147960900,14,1,0,0,13,1,381959700,1
random_20,2,20,1,1000000000,758498936,758498936,0,381959700,15,1,0,0,14,1,551938420,1
random_20,3,20,1,1000000000,1006077727,1000000000,6077727,551938420,20,1,0,0,19,1,551938420,1
random_20,4,20,1,1000000000,857133257,857133257,0,551938420,17,1,0,0,16,1,694603560,1
random_20,5,20,1,1000000000,1038651740,1000000000,38651740,694603560,20,1,0,0,19,1,694603560,1
random_20,6,20,1,1000000000,279226536,279226536,0,694603560,6,1,0,0,5,1,279134280,1
random_20,7,20,1,1000000000,591100832,591100832,0,279134280,12,1,0,0,11,1,101150920,1
random_20,8,20,1,1000000000,448682,448682,0,101150920,0,0,0,0,0,0,110124560,1
random_20,9,20,1,1000000000,733861048,733861048,0,110124560,14,1,0,0,13,1,787345520,1
random_20,10,20,1,1000000000,706425351,706425351,0,787345520,14,1,0,0,13,1,915852540,1
random_20,11,20,1,1000000000,1707283356,1000000000,707283356,915852540,20,1,0,0,19,1,915852540,1
random_20,12,20,1,1000000000,1673211784,1000000000,673211784,915852540,20,1,0,0,19,1,915852540,1
random_20,13,20,1,1000000000,101421911,101421911,0,915852540,2,1,0,0,1,1,944290760,1
random_20,14,20,1,1000000000,1807295745,1000000000,807295745,944290760,20,1,0,0,19,1,944290760,1
random_20,15,20,1,1000000000,1028161547,1000000000,28161547,944290760,20,1,0,0,19,1,944290760,1
random_20,16,20,1,1000000000,1399114207,1000000000,399114207,944290760,20,1,0,0,19,1,944290760,1
random_20,17,20,1,1000000000,384454714,384454714,0,944290760,8,1,0,0,7,1,633385040,1
random_20,18,20,1,1000000000,907091854,907091854,0,633385040,18,1,0,0,17,1,775222120,1
random_20,19,20,1,1000000000,65142077,65142077,0,775222120,2,1,0,0,1,1,78063660,1
random_20,20,20,1,1000000000,1797518587,1000000000,797518587,78063660,20,1,0,0,19,1,78063660,1
random_20,21,20,1,1000000000,1973777416,1000000000,973777416,78063660,20,1,0,0,19,1,78063660,1
random_20,22,20,1,1000000000,1832011881,1000000000,832011881,78063660,20,1,0,0,19,1,78063660,1
random_20,23,20,1,1000000000,152980988,152980988,0,78063660,3,1,0,0,2,1,137683420,1
random_20,24,20,1,1000000000,323496066,323496066,0,137683420,6,1,0,0,5,1,607604740,1
random_20,25,20,1,1000000000,333586667,333586667,0,607604740,7,1,0,0,6,1,279338080,1
random_20,26,20,1,1000000000,498923450,498923450,0,279338080,10,1,0,0,9,1,257807080,1
random_20,27,20,1,1000000000,1486100320,1000000000,486100320,257807080,20,1,0,0,19,1,257807080,1
random_20,28,20,1,1000000000,973041338,973041338,0,257807080,19,1,0,0,18,1,718633840,1
random_20,29,20,1,1000000000,1824629076,1000000000,824629076,718633840,20,1,0,0,19,1,718633840,1
random_20,30,20,1,1000000000,1136259968,1000000000,136259968,718633840,20,1,0,0,19,1,718633840,1
random_20,31,20,1,1000000000,1488517948,1000000000,488517948,718633840,20,1,0,0,19,1,718633840,1
random_20,32,20,1,1000000000,1193815886,1000000000,193815886,718633840,20,1,0,0,19,1,718633840,1
random_20,33,20,1,1000000000,678643456,678643456,0,718633840,14,1,0,0,13,1,291502960,1
random_20,34,20,1,1000000000,322940404,322940404,0,291502960,6,1,0,0,5,1,750311040,1
random_20,35,20,1,1000000000,991243216,991243216,0,750311040,20,1,0,0,19,1,575175360,1
random_20,36,20,1,1000000000,1113998127,1000000000,113998127,575175360,20,1,0,0,19,1,575175360,1
random_20,37,20,1,1000000000,486678318,486678318,0,575175360,10,1,0,0,9,1,308741720,1
random_20,38,20,1,1000000000,1015108915,1000000000,15108915,308741720,20,1,0,0,19,1,308741720,1
random_20,39,20,1,1000000000,1991764333,1000000000,991764333,308741720,20,1,0,0,19,1,308741720,1
random_20,40,20,1,1000000000,52282325,52282325,0,308741720,1,1,0,0,0,0,354388220,1
random_20,41,20,1,1000000000,1098835042,1000000000,98835042,354388220,20,1,0,0,19,1,354388220,1
random_20,42,20,1,1000000000,1004908972,1000000000,4908972,354388220,20,1,0,0,19,1,354388220,1
random_20,43,20,1,1000000000,138516635,138516635,0,354388220,3,1,0,0,2,1,124720920,1
random_20,44,20,1,1000000000,1270507137,1000000000,270507137,124720920,20,1,0,0,19,1,124720920,1
random_20,45,20,1,1000000000,699873749,699873749,0,124720920,14,1,0,0,13,1,122195900,1
random_20,46,20,1,1000000000,1473608150,1000000000,473608150,122195900,20,1,0,0,19,1,122195900,1
random_20,47,20,1,1000000000,348064779,348064779,0,122195900,7,1,0,0,6,1,83491480,1
random_20,48,20,1,1000000000,1512122739,1000000000,512122739,83491480,20,1,0,0,19,1,83491480,1
random_20,49,20,1,1000000000,1785036530,1000000000,785036530,83491480,20,1,0,0,19,1,83491480,1
random_20,50,20,1,1000000000,430004355,430004355,0,83491480,8,1,0,0,7,1,683578580,1
random_20,51,20,1,1000000000,1737778026,1000000000,737778026,683578580,20,1,0,0,19,1,683578580,1
random_20,52,20,1,1000000000,51642004,51642004,0,683578580,1,1,0,0,0,0,716418660,1
random_20,53,20,1,1000000000,1119668952,1000000000,119668952,716418660,20,1,0,0,19,1,716418660,1
random_20,54,20,1,1000000000,1419245517,1000000000,419245517,716418660,20,1,0,0,19,1,716418660,1
random_20,55,20,1,1000000000,862644582,862644582,0,716418660,17,1,0,0,16,1,969310300,1
random_20,56,20,1,1000000000,1243022173,1000000000,243022173,969310300,20,1,0,0,19,1,969310300,1
random_20,57,20,1,1000000000,397003104,397003104,0,969310300,8,1,0,0,7,1,909372380,1
random_20,58,20,1,1000000000,645766710,645766710,0,909372380,13,1,0,0,12,1,824706580,1
random_20,59,20,1,1000000000,644163187,644163187,0,824706580,13,1,0,0,12,1,707970320,1
random_20,60,20,1,1000000000,715158146,715158146,0,707970320,15,1,0,0,14,1,11133240,1
random_20,61,20,1,1000000000,402766016,402766016,0,11133240,8,1,0,0,7,1,66453560,1
random_20,62,20,1,1000000000,1810773407,1000000000,810773407,66453560,20,1,0,0,19,1,66453560,1
random_20,63,20,1,1000000000,183996827,183996827,0,66453560,3,1,0,0,2,1,746390100,1
random_20,64,20,1,1000000000,461249960,461249960,0,746390100,9,1,0,0,8,1,971389300,1
random_20,65,20,1,1000000000,1053975363,1000000000,53975363,971389300,20,1,0,0,19,1,971389300,1
random_20,66,20,1,1000000000,718176287,718176287,0,971389300,15,1,0,0,14,1,334915040,1
random_20,67,20,1,1000000000,1404107734,1000000000,404107734,334915040,20,1,0,0,19,1,334915040,1
random_20,68,20,1,1000000000,814647982,814647982,0,334915040,16,1,0,0,15,1,627874680,1
random_20,69,20,1,1000000000,370732036,370732036,0,627874680,8,1,0,0,7,1,42515400,1
random_20,70,20,1,1000000000,245408634,245408634,0,42515400,4,1,0,0,3,1,950688080,1
random_20,71,20,1,1000000000,376149188,376149188,0,950688080,8,1,0,0,7,1,473671840,1
random_20,72,20,1,1000000000,1809979254,1000000000,809979254,473671840,20,1,0,0,19,1,473671840,1
random_20,73,20,1,1000000000,482672431,482672431,0,473671840,10,1,0,0,9,1,127120460,1
random_20,74,20,1,1000000000,560879975,560879975,0,127120460,11,1,0,0,10,1,344719960,1
random_20,75,20,1,1000000000,735742347,735742347,0,344719960,15,1,0,0,14,1,59566900,1
random_20,76,20,1,1000000000,1520816809,1000000000,520816809,59566900,20,1,0,0,19,1,59566900,1
random_20,77,20,1,1000000000,342755332,342755332,0,59566900,6,1,0,0,5,1,914673540,1
random_20,78,20,1,1000000000,1331657013,1000000000,331657013,914673540,20,1,0,0,19,1,914673540,1
random_20,79,20,1,1000000000,1768287094,1000000000,768287094,914673540,20,1,0,0,19,1,914673540,1
random_20,80,20,1,1000000000,597041566,597041566,0,914673540,12,1,0,0,11,1,855504860,1
random_20,81,20,1,1000000000,1500953957,1000000000,500953957,855504860,20,1,0,0,19,1,855504860,1
random_20,82,20,1,1000000000,476873136,476873136,0,855504860,10,1,0,0,9,1,392967580,1
random_20,83,20,1,1000000000,699297944,699297944,0,392967580,14,1,0,0,13,1,378926460,1
random_20,84,20,1,1000000000,387198051,387198051,0,378926460,8,1,0,0,7,1,122887480,1
random_20,85,20,1,1000000000,593252553,593252553,0,122887480,11,1,0,0,10,1,987938540,1
random_20,86,20,1,1000000000,220589561,220589561,0,987938540,5,1,0,0,4,1,399729760,1
random_20,87,20,1,1000000000,1298668609,1000000000,298668609,399729760,20,1,0,0,19,1,399729760,1
random_20,88,20,1,1000000000,607894163,607894163,0,399729760,12,1,0,0,11,1,557613020,1
random_20,89,20,1,1000000000,1368472560,1000000000,368472560,557613020,20,1,0,0,19,1,557613020,1
random_20,90,20,1,1000000000,1301272257,1000000000,301272257,557613020,20,1,0,0,19,1,557613020,1
random_20,91,20,1,1000000000,879119854,879119854,0,557613020,18,1,0,0,17,1,140010100,1
random_20,92,20,1,1000000000,594883925,594883925,0,140010100,12,1,0,0,11,1,37688600,1
random_20,93,20,1,1000000000,1428037745,1000000000,428037745,37688600,20,1,0,0,19,1,37688600,1
random_20,94,20,1,1000000000,1872225570,1000000000,872225570,37688600,20,1,0,0,19,1,37688600,1
random_20,95,20,1,1000000000,1602296055,1000000000,602296055,37688600,20,1,0,0,19,1,37688600,1
random_20,96,20,1,1000000000,70013039,70013039,0,37688600,1,1,0,0,0,0,437949380,1
random_20,97,20,1,1000000000,1810106048,1000000000,810106048,437949380,20,1,0,0,19,1,437949380,1
random_20,98,20,1,1000000000,381487415,381487415,0,437949380,8,1,0,0,7,1,67697680,1
random_20,99,20,1,1000000000,1672038086,1000000000,672038086,67697680,20,1,0,0,19,1,67697680,1
random_20,100,20,1,1000000000,1917580162,1000000000,917580162,67697680,20,1,0,0,19,1,67697680,1
random_20,101,20,1,1000000000,157006806,157006806,0,67697680,3,1,0,0,2,1,207833800,1
random_20,102,20,1,1000000000,224053047,224053047,0,207833800,4,1,0,0,3,1,688894740,1
random_20,103,20,1,1000000000,1819668534,1000000000,819668534,688894740,20,1,0,0,19,1,688894740,1
random_20,104,20,1,1000000000,767537890,767537890,0,688894740,16,1,0,0,15,1,39652540,1
random_20,105,20,1,1000000000,505394226,505394226,0,39652540,10,1,0,0,9,1,147537060,1
random_20,106,20,1,1000000000,1998839189,1000000000,998839189,147537060,20,1,0,0,19,1,147537060,1
random_20,107,20,1,1000000000,1594916605,1000000000,594916605,147537060,20,1,0,0,19,1,147537060,1
random_20,108,20,1,1000000000,461431553,461431553,0,147537060,9,1,0,0,8,1,376168120,1
random_20,109,20,1,1000000000,1764574449,1000000000,764574449,376168120,20,1,0,0,19,1,376168120,1
random_20,110,20,1,1000000000,1380695089,1000000000,380695089,376168120,20,1,0,0,19,1,376168120,1
random_20,111,20,1,1000000000,1717158589,1000000000,717158589,376168120,20,1,0,0,19,1,376168120,1
random_20,112,20,1,1000000000,487475890,487475890,0,376168120,10,1,0,0,9,1,125685920,1
random_20,113,20,1,1000000000,1300754474,1000000000,300754474,125685920,20,1,0,0,19,1,125685920,1
random_20,114,20,1,1000000000,434075579,434075579,0,125685920,8,1,0,0,7,1,807197500,1
random_20,115,20,1,1000000000,1043569699,1000000000,43569699,807197500,20,1,0,0,19,1,807197500,1
random_20,116,20,1,1000000000,1476352410,1000000000,476352410,807197500,20,1,0,0,19,1,807197500,1
random_20,117,20,1,1000000000,559598971,559598971,0,807197500,11,1,0,0,10,1,999176920,1
random_20,118,20,1,1000000000,902928609,902928609,0,999176920,19,1,0,0,18,1,57749100,1
random_20,119,20,1,1000000000,1370234967,1000000000,370234967,57749100,20,1,0,0,19,1,57749100,1
random_20,120,20,1,1000000000,1588280526,1000000000,588280526,57749100,20,1,0,0,19,1,57749100,1
random_20,121,20,1,1000000000,1469534146,1000000000,469534146,57749100,20,1,0,0,19,1,57749100,1
random_20,122,20,1,1000000000,222563389,222563389,0,57749100,4,1,0,0,3,1,509016880,1
random_20,123,20,1,1000000000,1386107229,1000000000,386107229,509016880,20,1,0,0,19,1,509016880,1
random_20,124,20,1,1000000000,833836733,833836733,0,509016880,17,1,0,0,16,1,185751540,1
random_20,125,20,1,1000000000,714184604,714184604,0,185751540,14,1,0,0,13,1,469443620,1
random_20,126,20,1,1000000000,102176684,102176684,0,469443620,2,1,0,0,1,1,512977300,1
random_20,127,20,1,1000000000,980520652,980520652,0,512977300,20,1,0,0,19,1,123390340,1
random_20,128,20,1,1000000000,1524956080,1000000000,524956080,123390340,20,1,0,0,19,1,123390340,1
random_20,129,20,1,1000000000,1353101645,1000000000,353101645,123390340,20,1,0,0,19,1,123390340,1
random_20,130,20,1,1000000000,152392817,152392817,0,123390340,3,1,0,0,2,1,171246680,1
random_20,131,20,1,1000000000,1185436333,1000000000,185436333,171246680,20,1,0,0,19,1,171246680,1
random_20,132,20,1,1000000000,1505468306,1000000000,505468306,171246680,20,1,0,0,19,1,171246680,1
random_20,133,20,1,1000000000,1217387849,1000000000,217387849,171246680,20,1,0,0,19,1,171246680,1
random_20,134,20,1,1000000000,1676928709,1000000000,676928709,171246680,20,1,0,0,19,1,171246680,1
random_20,135,20,1,1000000000,738219299,738219299,0,171246680,14,1,0,0,13,1,935632660,1
random_20,136,20,1,1000000000,408130998,408130998,0,935632660,9,1,0,0,8,1,98252620,1
random_20,137,20,1,1000000000,76656712,76656712,0,98252620,1,1,0,0,0,0,631386860,1
random_20,138,20,1,1000000000,1867960453,1000000000,867960453,631386860,20,1,0,0,19,1,631386860,1
random_20,139,20,1,1000000000,1266279718,1000000000,266279718,631386860,20,1,0,0,19,1,631386860,1
random_20,140,20,1,1000000000,1012486742,1000000000,12486742,631386860,20,1,0,0,19,1,631386860,1
random_20,141,20,1,1000000000,136924160,136924160,0,631386860,3,1,0,0,2,1,369870060,1
random_20,142,20,1,1000000000,431171696,431171696,0,369870060,8,1,0,0,7,1,993303980,1
random_20,143,20,1,1000000000,329852172,329852172,0,993303980,7,1,0,0,6,1,590347420,1
random_20,144,20,1,1000000000,1112146850,1000000000,112146850,590347420,20,1,0,0,19,1,590347420,1
random_20,145,20,1,1000000000,888075298,888075298,0,590347420,18,1,0,0,17,1,351853380,1
random_20,146,20,1,1000000000,1480192843,1000000000,480192843,351853380,20,1,0,0,19,1,351853380,1
random_20,147,20,1,1000000000,1430501336,1000000000,430501336,351853380,20,1,0,0,19,1,351853380,1
random_20,148,20,1,1000000000,779191072,779191072,0,351853380,15,1,0,0,14,1,935674820,1
random_20,149,20,1,1000000000,1594665160,1000000000,594665160,935674820,20,1,0,0,19,1,935674820,1
random_20,150,20,1,1000000000,253254897,253254897,0,935674820,6,1,0,0,5,1,772760,1
random_20,151,20,1,1000000000,916776570,916776570,0,772760,18,1,0,0,17,1,336304160,1
random_20,152,20,1,1000000000,1473428301,1000000000,473428301,336304160,20,1,0,0,19,1,336304160,1
random_20,153,20,1,1000000000,1724847671,1000000000,724847671,336304160,20,1,0,0,19,1,336304160,1
random_20,154,20,1,1000000000,1266345928,1000000000,266345928,336304160,20,1,0,0,19,1,336304160,1
random_20,155,20,1,1000000000,40502281,40502281,0,336304160,1,1,0,0,0,0,146349780,1
random_20,156,20,1,1000000000,1926064682,1000000000,926064682,146349780,20,1,0,0,19,1,146349780,1
random_20,157,20,1,1000000000,435251062,435251062,0,146349780,8,1,0,0,7,1,851371020,1
random_20,158,20,1,1000000000,1856308450,1000000000,856308450,851371020,20,1,0,0,19,1,851371020,1
random_20,159,20,1,1000000000,925438496,925438496,0,851371020,19,1,0,0,18,1,360140940,1
random_20,160,20,1,1000000000,1435435760,1000000000,435435760,360140940,20,1,0,0,19,1,360140940,1
random_20,161,20,1,1000000000,615505888,615505888,0,360140940,12,1,0,0,11,1,670258700,1
random_20,162,20,1,1000000000,1984098618,1000000000,984098618,670258700,20,1,0,0,19,1,670258700,1
random_20,163,20,1,1000000000,158381186,158381186,0,670258700,3,1,0,0,2,1,837882420,1
random_20,164,20,1,1000000000,971960518,971960518,0,837882420,20,1,0,0,19,1,277092780,1
random_20,165,20,1,1000000000,1652969058,1000000000,652969058,277092780,20,1,0,0,19,1,277092780,1
random_20,166,20,1,1000000000,1066528120,1000000000,66528120,277092780,20,1,0,0,19,1,277092780,1
random_20,167,20,1,1000000000,1135769746,1000000000,135769746,277092780,20,1,0,0,19,1,277092780,1
random_20,168,20,1,1000000000,1824038429,1000000000,824038429,277092780,20,1,0,0,19,1,277092780,1
random_20,169,20,1,1000000000,1988577866,1000000000,988577866,277092780,20,1,0,0,19,1,277092780,1
random_20,170,20,1,1000000000,1964864371,1000000000,964864371,277092780,20,1,0,0,19,1,277092780,1
random_20,171,20,1,1000000000,238023032,238023032,0,277092780,5,1,0,0,4,1,37553420,1
random_20,172,20,1,1000000000,470378007,470378007,0,37553420,9,1,0,0,8,1,445113560,1
random_20,173,20,1,1000000000,1803402708,1000000000,803402708,445113560,20,1,0,0,19,1,445113560,1
random_20,174,20,1,1000000000,1989800685,1000000000,989800685,445113560,20,1,0,0,19,1,445113560,1
random_20,175,20,1,1000000000,1681117383,1000000000,681117383,445113560,20,1,0,0,19,1,445113560,1
random_20,176,20,1,1000000000,1572844913,1000000000,572844913,445113560,20,1,0,0,19,1,445113560,1
random_20,177,20,1,1000000000,291330510,291330510,0,445113560,6,1,0,0,5,1,271723760,1
random_20,178,20,1,1000000000,1016916490,1000000000,16916490,271723760,20,1,0,0,19,1,271723760,1
random_20,179,20,1,1000000000,1477484233,1000000000,477484233,271723760,20,1,0,0,19,1,271723760,1
random_20,180,20,1,1000000000,1646928058,1000000000,646928058,271723760,20,1,0,0,19,1,271723760,1
random_20,181,20,1,1000000000,266165284,266165284,0,271723760,5,1,0,0,4,1,595029440,1
random_20,182,20,1,1000000000,221212506,221212506,0,595029440,5,1,0,0,4,1,19279560,1
random_20,183,20,1,1000000000,898280826,898280826,0,19279560,17,1,0,0,16,1,984896080,1
random_20,184,20,1,1000000000,1568712841,1000000000,568712841,984896080,20,1,0,0,19,1,984896080,1
random_20,185,20,1,1000000000,512547752,512547752,0,984896080,11,1,0,0,10,1,235851120,1
random_20,186,20,1,1000000000,1589569862,1000000000,589569862,235851120,20,1,0,0,19,1,235851120,1
random_20,187,20,1,1000000000,653089215,653089215,0,235851120,13,1,0,0,12,1,297635420,1
random_20,188,20,1,1000000000,416628261,416628261,0,297635420,8,1,0,0,7,1,630200640,1
random_20,189,20,1,1000000000,1550742150,1000000000,550742150,630200640,20,1,0,0,19,1,630200640,1
random_20,190,20,1,1000000000,1504023373,1000000000,504023373,630200640,20,1,0,0,19,1,630200640,1
random_20,191,20,1,1000000000,1815069603,1000000000,815069603,630200640,20,1,0,0,19,1,630200640,1
random_20,192,20,1,1000000000,452031725,452031725,0,630200640,9,1,0,0,8,1,670835140,1
random_20,193,20,1,1000000000,1724221944,1000000000,724221944,670835140,20,1,0,0,19,1,670835140,1
random_20,194,20,1,1000000000,1846454349,1000000000,846454349,670835140,20,1,0,0,19,1,670835140,1
random_20,195,20,1,1000000000,1094375529,1000000000,94375529,670835140,20,1,0,0,19,1,670835140,1
random_20,196,20,1,1000000000,278041387,278041387,0,670835140,6,1,0,0,5,1,231662880,1
random_20,197,20,1,1000000000,1263140911,1000000000,263140911,231662880,20,1,0,0,19,1,231662880,1
random_20,198,20,1,1000000000,145100583,145100583,0,231662880,3,1,0,0,2,1,133674540,1
random_20,199,20,1,1000000000,1353200133,1000000000,353200133,133674540,20,1,0,0,19,1,133674540,1
random_20,200,20,1,1000000000,756971542,756971542,0,133674540,15,1,0,0,14,1,273105380,1
random_20,201,20,1,1000000000,1798093576,1000000000,798093576,273105380,20,1,0,0,19,1,273105380,1
random_20,202,20,1,1000000000,1525104428,1000000000,525104428,273105380,20,1,0,0,19,1,273105380,1
random_20,203,20,1,1000000000,311821085,311821085,0,273105380,6,1,0,0,5,1,509527080,1
random_20,204,20,1,1000000000,509906149,509906149,0,509527080,10,1,0,0,9,1,707650060,1
random_20,205,20,1,1000000000,1452139647,1000000000,452139647,707650060,20,1,0,0,19,1,707650060,1
random_20,206,20,1,1000000000,1703318321,1000000000,703318321,707650060,20,1,0,0,19,1,707650060,1
random_20,207,20,1,1000000000,1585497140,1000000000,585497140,707650060,20,1,0,0,19,1,707650060,1
random_20,208,20,1,1000000000,658238493,658238493,0,707650060,13,1,0,0,12,1,872419920,1
random_20,209,20,1,1000000000,1797684383,1000000000,797684383,872419920,20,1,0,0,19,1,872419920,1
random_20,210,20,1,1000000000,1721985598,1000000000,721985598,872419920,20,1,0,0,19,1,872419920,1
random_20,211,20,1,1000000000,1096825651,1000000000,96825651,872419920,20,1,0,0,19,1,872419920,1
random_20,212,20,1,1000000000,649240207,649240207,0,872419920,13,1,0,0,12,1,857224060,1
random_20,213,20,1,1000000000,1631792105,1000000000,631792105,857224060,20,1,0,0,19,1,857224060,1
random_20,214,20,1,1000000000,465823874,465823874,0,857224060,10,1,0,0,9,1,173701540,1
random_20,215,20,1,1000000000,1205148905,1000000000,205148905,173701540,20,1,0,0,19,1,173701540,1
random_20,216,20,1,1000000000,625953049,625953049,0,173701540,12,1,0,0,11,1,692762520,1
random_20,217,20,1,1000000000,1744051569,1000000000,744051569,692762520,20,1,0,0,19,1,692762520,1
random_20,218,20,1,1000000000,1352209632,1000000000,352209632,692762520,20,1,0,0,19,1,692762520,1
random_20,219,20,1,1000000000,66011831,66011831,0,692762520,2,1,0,0,1,1,12999140,1
random_20,220,20,1,1000000000,22852053,22852053,0,12999140,0,0,0,0,0,0,470040200,1
random_20,221,20,1,1000000000,773728973,773728973,0,470040200,15,1,0,0,14,1,944619660,1
random_20,222,20,1,1000000000,1745105122,1000000000,745105122,944619660,20,1,0,0,19,1,944619660,1
random_20,223,20,1,1000000000,1227200806,1000000000,227200806,944619660,20,1,0,0,19,1,944619660,1
random_20,224,20,1,1000000000,708861957,708861957,0,944619660,15,1,0,0,14,1,121858800,1
random_20,225,20,1,1000000000,1668572783,1000000000,668572783,121858800,20,1,0,0,19,1,121858800,1
random_20,226,20,1,1000000000,615056914,615056914,0,121858800,12,1,0,0,11,1,422997080,1
random_20,227,20,1,1000000000,1090195688,1000000000,90195688,422997080,20,1,0,0,19,1,422997080,1
random_20,228,20,1,1000000000,54907976,54907976,0,422997080,1,1,0,0,0,0,521156600,1
random_20,229,20,1,1000000000,852619098,852619098,0,521156600,17,1,0,0,16,1,573538560,1
random_20,230,20,1,1000000000,46933468,46933468,0,573538560,1,1,0,0,0,0,512207920,1
random_20,231,20,1,1000000000,994900801,994900801,0,512207920,20,1,0,0,19,1,410223940,1
random_20,232,20,1,1000000000,647752857,647752857,0,410223940,13,1,0,0,12,1,365281080,1
random_20,233,20,1,1000000000,232821959,232821959,0,365281080,5,1,0,0,4,1,21720260,1
random_20,234,20,1,1000000000,1818039760,1000000000,818039760,21720260,20,1,0,0,19,1,21720260,1
random_20,235,20,1,1000000000,542619242,542619242,0,21720260,10,1,0,0,9,1,874105100,1
random_20,236,20,1,1000000000,1323344708,1000000000,323344708,874105100,20,1,0,0,19,1,874105100,1
random_20,237,20,1,1000000000,574658251,574658251,0,874105100,12,1,0,0,11,1,367270120,1
random_20,238,20,1,1000000000,455448430,455448430,0,367270120,9,1,0,0,8,1,476238720,1
random_20,239,20,1,1000000000,1742257634,1000000000,742257634,476238720,20,1,0,0,19,1,476238720,1
random_20,240,20,1,1000000000,153648454,153648454,0,476238720,3,1,0,0,2,1,549207800,1
random_20,241,20,1,1000000000,1448208682,1000000000,448208682,549207800,20,1,0,0,19,1,549207800,1
random_20,242,20,1,1000000000,59776154,59776154,0,549207800,1,1,0,0,0,0,744730880,1
random_20,243,20,1,1000000000,69907823,69907823,0,744730880,2,1,0,0,1,1,142887340,1
random_20,244,20,1,1000000000,612583015,612583015,0,142887340,12,1,0,0,11,1,394547640,1
random_20,245,20,1,1000000000,1985643023,1000000000,985643023,394547640,20,1,0,0,19,1,394547640,1
random_20,246,20,1,1000000000,1215338645,1000000000,215338645,394547640,20,1,0,0,19,1,394547640,1
random_20,247,20,1,1000000000,582994658,582994658,0,394547640,12,1,0,0,11,1,54440800,1
random_20,248,20,1,1000000000,493576366,493576366,0,54440800,9,1,0,0,8,1,925968120,1
random_20,249,20,1,1000000000,852716483,852716483,0,925968120,17,1,0,0,16,1,980297780,1
random_20,250,20,1,1000000000,960356095,960356095,0,980297780,20,1,0,0,19,1,187419680,1
random_20,251,20,1,1000000000,642181086,642181086,0,187419680,13,1,0,0,12,1,31041400,1
random_20,252,20,1,1000000000,1596299571,1000000000,596299571,31041400,20,1,0,0,19,1,31041400,1
random_20,253,20,1,1000000000,110038941,110038941,0,31041400,2,1,0,0,1,1,231820220,1
random_20,254,20,1,1000000000,816415303,816415303,0,231820220,16,1,0,0,15,1,560126280,1
random_20,255,20,1,1000000000,648477412,648477412,0,560126280,13,1,0,0,12,1,529674520,1
random_1000,0,1000,1000,60000000000,1936691287,1936691287,0,0,1936,1000,999,1,936,1,691287000,1
random_1000,1,1000,1000,60000000000,564010772,564010772,0,691287000,564,564,563,1,0,0,702059000,1
random_1000,2,1000,1000,60000000000,448340676,448340676,0,702059000,449,449,448,1,0,0,42735000,1
random_1000,3,1000,1000,60000000000,1051506143,1051506143,0,42735000,1051,1000,999,1,51,1,548878000,1
random_1000,4,1000,1000,60000000000,1677088814,1677088814,0,548878000,1677,1000,999,1,677,1,637692000,1
random_1000,5,1000,1000,60000000000,816879773,816879773,0,637692000,817,817,816,1,0,0,517465000,1
random_1000,6,1000,1000,60000000000,199202889,199202889,0,517465000,199,199,198,1,0,0,720354000,1
random_1000,7,1000,1000,60000000000,17879943,17879943,0,720354000,18,18,17,1,0,0,600297000,1
random_1000,8,1000,1000,60000000000,1513349287,1513349287,0,600297000,1513,1000,999,1,513,1,949584000,1
random_1000,9,1000,1000,60000000000,1316091181,1316091181,0,949584000,1317,1000,999,1,317,1,40765000,1
random_1000,10,1000,1000,60000000000,1914150888,1914150888,0,40765000,1914,1000,999,1,914,1,191653000,1
random_1000,11,1000,1000,60000000000,1250334410,1250334410,0,191653000,1250,1000,999,1,250,1,526063000,1
random_1000,12,1000,1000,60000000000,877168121,877168121,0,526063000,877,877,876,1,0,0,694184000,1
random_1000,13,1000,1000,60000000000,1341420178,1341420178,0,694184000,1342,1000,999,1,342,1,114362000,1
random_1000,14,1000,1000,60000000000,1272496876,1272496876,0,114362000,1272,1000,999,1,272,1,611238000,1
random_1000,15,1000,1000,60000000000,1499751297,1499751297,0,611238000,1500,1000,999,1,500,1,362535000,1
random_1000,16,1000,1000,60000000000,1899766387,1899766387,0,362535000,1900,1000,999,1,900,1,128922000,1
random_1000,17,1000,1000,60000000000,819793975,819793975,0,128922000,819,819,818,1,0,0,922897000,1
random_1000,18,1000,1000,60000000000,465120641,465120641,0,922897000,466,466,465,1,0,0,43538000,1
random_1000,19,1000,1000,60000000000,971135098,971135098,0,43538000,971,971,970,1,0,0,178636000,1
random_1000,20,1000,1000,60000000000,735224812,735224812,0,178636000,735,735,734,1,0,0,403448000,1
random_1000,21,1000,1000,60000000000,303374344,303374344,0,403448000,303,303,302,1,0,0,777792000,1
random_1000,22,1000,1000,60000000000,1683210443,1683210443,0,777792000,1683,1000,999,1,683,1,988235000,1
random_1000,23,1000,1000,60000000000,766410051,766410051,0,988235000,767,767,766,1,0,0,398286000,1
random_1000,24,1000,1000,60000000000,509835703,509835703,0,398286000,510,510,509,1,0,0,233989000,1
random_1000,25,1000,1000,60000000000,1405500840,1405500840,0,233989000,1405,1000,999,1,405,1,734829000,1
random_1000,26,1000,1000,60000000000,765128423,765128423,0,734829000,765,765,764,1,0,0,863252000,1
random_1000,27,1000,1000,60000000000,532356816,532356816,0,863252000,533,533,532,1,0,0,220068000,1
random_1000,28,1000,1000,60000000000,1839680761,1839680761,0,220068000,1839,1000,999,1,839,1,900829000,1
random_1000,29,1000,1000,60000000000,766264620,766264620,0,900829000,767,767,766,1,0,0,165449000,1
random_1000,30,1000,1000,60000000000,1071401317,1071401317,0,165449000,1071,1000,999,1,71,1,566766000,1
random_1000,31,1000,1000,60000000000,629113968,629113968,0,566766000,629,629,628,1,0,0,680734000,1
random_1000,32,1000,1000,60000000000,1592651852,1592651852,0,680734000,1593,1000,999,1,593,1,332586000,1
random_1000,33,1000,1000,60000000000,244383480,244383480,0,332586000,244,244,243,1,0,0,716066000,1
random_1000,34,1000,1000,60000000000,1540567377,1540567377,0,716066000,1541,1000,999,1,541,1,283443000,1
random_1000,35,1000,1000,60000000000,1889163237,1889163237,0,283443000,1889,1000,999,1,889,1,446680000,1
random_1000,36,1000,1000,60000000000,274324303,274324303,0,446680000,274,274,273,1,0,0,770983000,1
random_1000,37,1000,1000,60000000000,1800660643,1800660643,0,770983000,1801,1000,999,1,801,1,431626000,1
random_1000,38,1000,1000,60000000000,1912396163,1912396163,0,431626000,1912,1000,999,1,912,1,827789000,1
random_1000,39,1000,1000,60000000000,301611564,301611564,0,827789000,302,302,301,1,0,0,439353000,1
random_1000,40,1000,1000,60000000000,133390966,133390966,0,439353000,133,133,132,1,0,0,830319000,1
random_1000,41,1000,1000,60000000000,1309417305,1309417305,0,830319000,1310,1000,999,1,310,1,247624000,1
random_1000,42,1000,1000,60000000000,1529259709,1529259709,0,247624000,1529,1000,999,1,529,1,507333000,1
random_1000,43,1000,1000,60000000000,682776008,682776008,0,507333000,683,683,682,1,0,0,283341000,1
random_1000,44,1000,1000,60000000000,326030776,326030776,0,283341000,326,326,325,1,0,0,314117000,1
random_1000,45,1000,1000,60000000000,1679830712,1679830712,0,314117000,1680,1000,999,1,680,1,144829000,1
random_1000,46,1000,1000,60000000000,571321234,571321234,0,144829000,571,571,570,1,0,0,466063000,1
random_1000,47,1000,1000,60000000000,1998781131,1998781131,0,466063000,1999,1000,999,1,999,1,247194000,1
random_1000,48,1000,1000,60000000000,1080855863,1080855863,0,247194000,1081,1000,999,1,81,1,103057000,1
random_1000,49,1000,1000,60000000000,1050025025,1050025025,0,103057000,1050,1000,999,1,50,1,128082000,1
random_1000,50,1000,1000,60000000000,1886288006,1886288006,0,128082000,1886,1000,999,1,886,1,416088000,1
random_1000,51,1000,1000,60000000000,1679726987,1679726987,0,416088000,1680,1000,999,1,680,1,143075000,1
random_1000,52,1000,1000,60000000000,1598055705,1598055705,0,143075000,1598,1000,999,1,598,1,198780000,1
random_1000,53,1000,1000,60000000000,286279548,286279548,0,198780000,286,286,285,1,0,0,478328000,1
random_1000,54,1000,1000,60000000000,618046238,618046238,0,478328000,618,618,617,1,0,0,524566000,1
random_1000,55,1000,1000,60000000000,1228323906,1228323906,0,524566000,1228,1000,999,1,228,1,848472000,1
random_1000,56,1000,1000,60000000000,193765278,193765278,0,848472000,194,194,193,1,0,0,613750000,1
random_1000,57,1000,1000,60000000000,141340685,141340685,0,613750000,141,141,140,1,0,0,954435000,1
random_1000,58,1000,1000,60000000000,111220117,111220117,0,954435000,112,112,111,1,0,0,174552000,1
random_1000,59,1000,1000,60000000000,320496868,320496868,0,174552000,320,320,319,1,0,0,671420000,1
random_1000,60,1000,1000,60000000000,1512155954,1512155954,0,671420000,1512,1000,999,1,512,1,827374000,1
random_1000,61,1000,1000,60000000000,269632171,269632171,0,827374000,270,270,269,1,0,0,459545000,1
random_1000,62,1000,1000,60000000000,1196917530,1196917530,0,459545000,1197,1000,999,1,197,1,377075000,1
random_1000,63,1000,1000,60000000000,1358360910,1358360910,0,377075000,1358,1000,999,1,358,1,737985000,1
random_1000,64,1000,1000,60000000000,1019936009,1019936009,0,737985000,1020,1000,999,1,20,1,673994000,1
random_1000,65,1000,1000,60000000000,1520988692,1520988692,0,673994000,1521,1000,999,1,521,1,662686000,1
random_1000,66,1000,1000,60000000000,1693184921,1693184921,0,662686000,1693,1000,999,1,693,1,847607000,1
random_1000,67,1000,1000,60000000000,145668400,145668400,0,847607000,146,146,145,1,0,0,516007000,1
random_1000,68,1000,1000,60000000000,1218907262,1218907262,0,516007000,1219,1000,999,1,219,1,423269000,1
random_1000,69,1000,1000,60000000000,1741474689,1741474689,0,423269000,1741,1000,999,1,741,1,897958000,1
random_1000,70,1000,1000,60000000000,831747991,831747991,0,897958000,832,832,831,1,0,0,645949000,1
random_1000,71,1000,1000,60000000000,622955215,622955215,0,645949000,623,623,622,1,0,0,601164000,1
random_1000,72,1000,1000,60000000000,348044482,348044482,0,601164000,348,348,347,1,0,0,645646000,1
random_1000,73,1000,1000,60000000000,1777522649,1777522649,0,645646000,1778,1000,999,1,778,1,168295000,1
random_1000,74,1000,1000,60000000000,1468247144,1468247144,0,168295000,1468,1000,999,1,468,1,415439000,1
random_1000,75,1000,1000,60000000000,1401785080,1401785080,0,415439000,1402,1000,999,1,402,1,200519000,1
random_1000,76,1000,1000,60000000000,566661274,566661274,0,200519000,566,566,565,1,0,0,861793000,1
random_1000,77,1000,1000,60000000000,985279352,985279352,0,861793000,986,986,985,1,0,0,141145000,1
random_1000,78,1000,1000,60000000000,438098179,438098179,0,141145000,438,438,437,1,0,0,239324000,1
random_1000,79,1000,1000,60000000000,1234527110,1234527110,0,239324000,1234,1000,999,1,234,1,766434000,1
random_1000,80,1000,1000,60000000000,1141769188,1141769188,0,766434000,1142,1000,999,1,142,1,535622000,1
random_1000,81,1000,1000,60000000000,185801764,185801764,0,535622000,186,186,185,1,0,0,337386000,1
random_1000,82,1000,1000,60000000000,617693351,617693351,0,337386000,618,618,617,1,0,0,30737000,1
random_1000,83,1000,1000,60000000000,40466756,40466756,0,30737000,40,40,39,1,0,0,497493000,1
random_1000,84,1000,1000,60000000000,750586084,750586084,0,497493000,751,751,750,1,0,0,83577000,1
random_1000,85,1000,1000,60000000000,620052991,620052991,0,83577000,620,620,619,1,0,0,136568000,1
random_1000,86,1000,1000,60000000000,1884047514,1884047514,0,136568000,1884,1000,999,1,884,1,184082000,1
random_1000,87,1000,1000,60000000000,594348367,594348367,0,184082000,594,594,593,1,0,0,532449000,1
random_1000,88,1000,1000,60000000000,595467395,595467395,0,532449000,595,595,594,1,0,0,999844000,1
random_1000,89,1000,1000,60000000000,1355954530,1355954530,0,999844000,1356,1000,999,1,356,1,954374000,1
random_1000,90,1000,1000,60000000000,1615812278,1615812278,0,954374000,1616,1000,999,1,616,1,766652000,1
random_1000,91,1000,1000,60000000000,1512058472,1512058472,0,766652000,1512,1000,999,1,512,1,825124000,1
random_1000,92,1000,1000,60000000000,578263124,578263124,0,825124000,579,579,578,1,0,0,88248000,1
random_1000,93,1000,1000,60000000000,1247009978,1247009978,0,88248000,1247,1000,999,1,247,1,98226000,1
random_1000,94,1000,1000,60000000000,1070936211,1070936211,0,98226000,1071,1000,999,1,71,1,34437000,1
random_1000,95,1000,1000,60000000000,1887105279,1887105279,0,34437000,1887,1000,999,1,887,1,139716000,1
random_1000,96,1000,1000,60000000000,902037624,902037624,0,139716000,902,902,901,1,0,0,177340000,1
random_1000,97,1000,1000,60000000000,499641235,499641235,0,177340000,499,499,498,1,0,0,818575000,1
random_1000,98,1000,1000,60000000000,974429715,974429715,0,818575000,975,975,974,1,0,0,248290000,1
random_1000,99,1000,1000,60000000000,1903751000,1903751000,0,248290000,1903,1000,999,1,903,1,999290000,1
random_1000,100,1000,1000,60000000000,275536998,275536998,0,999290000,276,276,275,1,0,0,536288000,1
random_1000,101,1000,1000,60000000000,1054837509,1054837509,0,536288000,1055,1000,999,1,55,1,373797000,1
random_1000,102,1000,1000,60000000000,1696228854,1696228854,0,373797000,1696,1000,999,1,696,1,602651000,1
random_1000,103,1000,1000,60000000000,633353834,633353834,0,602651000,633,633,632,1,0,0,956485000,1
random_1000,104,1000,1000,60000000000,1895721522,1895721522,0,956485000,1896,1000,999,1,896,1,678007000,1
random_1000,105,1000,1000,60000000000,200216346,200216346,0,678007000,200,200,199,1,0,0,894353000,1
random_1000,106,1000,1000,60000000000,338892429,338892429,0,894353000,339,339,338,1,0,0,786782000,1
random_1000,107,1000,1000,60000000000,1134443421,1134443421,0,786782000,1135,1000,999,1,135,1,230203000,1
random_1000,108,1000,1000,60000000000,1702815073,1702815073,0,230203000,1703,1000,999,1,703,1,45276000,1
random_1000,109,1000,1000,60000000000,1506859222,1506859222,0,45276000,1506,1000,999,1,506,1,904498000,1
random_1000,110,1000,1000,60000000000,581258156,581258156,0,904498000,582,582,581,1,0,0,162654000,1
random_1000,111,1000,1000,60000000000,926735437,926735437,0,162654000,926,926,925,1,0,0,898091000,1
random_1000,112,1000,1000,60000000000,928543131,928543131,0,898091000,929,929,928,1,0,0,441222000,1
random_1000,113,1000,1000,60000000000,367476432,367476432,0,441222000,367,367,366,1,0,0,917654000,1
random_1000,114,1000,1000,60000000000,1140200889,1140200889,0,917654000,1141,1000,999,1,141,1,118543000,1
random_1000,115,1000,1000,60000000000,753026954,753026954,0,118543000,753,753,752,1,0,0,145497000,1
random_1000,116,1000,1000,60000000000,1774314984,1774314984,0,145497000,1774,1000,999,1,774,1,460481000,1
random_1000,117,1000,1000,60000000000,1976601795,1976601795,0,460481000,1977,1000,999,1,977,1,62276000,1
random_1000,118,1000,1000,60000000000,840152860,840152860,0,62276000,840,840,839,1,0,0,215136000,1
random_1000,119,1000,1000,60000000000,1523953655,1523953655,0,215136000,1524,1000,999,1,524,1,168791000,1
random_1000,120,1000,1000,60000000000,1950765927,1950765927,0,168791000,1950,1000,999,1,950,1,934718000,1
random_1000,121,1000,1000,60000000000,298758196,298758196,0,934718000,299,299,298,1,0,0,692914000,1
random_1000,122,1000,1000,60000000000,1100537362,1100537362,0,692914000,1101,1000,999,1,101,1,230276000,1
random_1000,123,1000,1000,60000000000,1552648091,1552648091,0,230276000,1552,1000,999,1,552,1,878367000,1
random_1000,124,1000,1000,60000000000,554040788,554040788,0,878367000,554,554,553,1,0,0,919155000,1
random_1000,125,1000,1000,60000000000,1304851743,1304851743,0,919155000,1305,1000,999,1,305,1,770898000,1
random_1000,126,1000,1000,60000000000,1835905580,1835905580,0,770898000,1836,1000,999,1,836,1,676478000,1
random_1000,127,1000,1000,60000000000,1233614646,1233614646,0,676478000,1234,1000,999,1,234,1,291124000,1
random_1000,128,1000,1000,60000000000,1439621583,1439621583,0,291124000,1439,1000,999,1,439,1,912707000,1
random_1000,129,1000,1000,60000000000,1475205267,1475205267,0,912707000,1476,1000,999,1,476,1,117974000,1
random_1000,130,1000,1000,60000000000,404703592,404703592,0,117974000,404,404,403,1,0,0,821566000,1
random_1000,131,1000,1000,60000000000,1703291874,1703291874,0,821566000,1704,1000,999,1,704,1,113440000,1
random_1000,132,1000,1000,60000000000,1510378569,1510378569,0,113440000,1510,1000,999,1,510,1,492009000,1
random_1000,133,1000,1000,60000000000,993848525,993848525,0,492009000,994,994,993,1,0,0,340534000,1
random_1000,134,1000,1000,60000000000,876060809,876060809,0,340534000,876,876,875,1,0,0,401343000,1
random_1000,135,1000,1000,60000000000,1084271384,1084271384,0,401343000,1084,1000,999,1,84,1,672727000,1
random_1000,136,1000,1000,60000000000,391513310,391513310,0,672727000,392,392,391,1,0,0,186037000,1
random_1000,137,1000,1000,60000000000,1848698097,1848698097,0,186037000,1848,1000,999,1,848,1,884134000,1
random_1000,138,1000,1000,60000000000,886554815,886554815,0,884134000,887,887,886,1,0,0,438949000,1
random_1000,139,1000,1000,60000000000,1936681524,1936681524,0,438949000,1937,1000,999,1,937,1,120473000,1
random_1000,140,1000,1000,60000000000,1083955727,1083955727,0,120473000,1084,1000,999,1,84,1,76200000,1
random_1000,141,1000,1000,60000000000,995188449,995188449,0,76200000,995,995,994,1,0,0,264649000,1
random_1000,142,1000,1000,60000000000,1546734364,1546734364,0,264649000,1546,1000,999,1,546,1,999013000,1
random_1000,143,1000,1000,60000000000,149553332,149553332,0,999013000,150,150,149,1,0,0,552345000,1
random_1000,144,1000,1000,60000000000,903864147,903864147,0,552345000,904,904,903,1,0,0,416492000,1
random_1000,145,1000,1000,60000000000,676139228,676139228,0,416492000,676,676,675,1,0,0,555720000,1
random_1000,146,1000,1000,60000000000,1043568666,1043568666,0,555720000,1044,1000,999,1,44,1,124386000,1
random_1000,147,1000,1000,60000000000,1227004365,1227004365,0,124386000,1227,1000,999,1,227,1,128751000,1
random_1000,148,1000,1000,60000000000,1567331901,1567331901,0,128751000,1567,1000,999,1,567,1,460652000,1
random_1000,149,1000,1000,60000000000,87300225,87300225,0,460652000,87,87,86,1,0,0,760877000,1
random_1000,150,1000,1000,60000000000,34699678,34699678,0,760877000,35,35,34,1,0,0,460555000,1
random_1000,151,1000,1000,60000000000,1110572877,1110572877,0,460555000,1111,1000,999,1,111,1,33432000,1
random_1000,152,1000,1000,60000000000,434966621,434966621,0,33432000,435,435,434,1,0,0,53000,1
random_1000,153,1000,1000,60000000000,1410061336,1410061336,0,53000,1410,1000,999,1,410,1,61389000,1
random_1000,154,1000,1000,60000000000,738541974,738541974,0,61389000,738,738,737,1,0,0,603363000,1
random_1000,155,1000,1000,60000000000,386456942,386456942,0,603363000,387,387,386,1,0,0,60305000,1
random_1000,156,1000,1000,60000000000,766101176,766101176,0,60305000,766,766,765,1,0,0,161481000,1
random_1000,157,1000,1000,60000000000,295239621,295239621,0,161481000,295,295,294,1,0,0,401102000,1
random_1000,158,1000,1000,60000000000,1295875827,1295875827,0,401102000,1296,1000,999,1,296,1,276929000,1
random_1000,159,1000,1000,60000000000,1325176450,1325176450,0,276929000,1325,1000,999,1,325,1,453379000,1
random_1000,160,1000,1000,60000000000,911932153,911932153,0,453379000,912,912,911,1,0,0,385532000,1
random_1000,161,1000,1000,60000000000,190005354,190005354,0,385532000,190,190,189,1,0,0,390886000,1
random_1000,162,1000,1000,60000000000,611180142,611180142,0,390886000,611,611,610,1,0,0,571028000,1
random_1000,163,1000,1000,60000000000,1147592080,1147592080,0,571028000,1148,1000,999,1,148,1,163108000,1
random_1000,164,1000,1000,60000000000,217118308,217118308,0,163108000,217,217,216,1,0,0,281416000,1
random_1000,165,1000,1000,60000000000,1166832777,1166832777,0,281416000,1167,1000,999,1,167,1,114193000,1
random_1000,166,1000,1000,60000000000,1406157145,1406157145,0,114193000,1406,1000,999,1,406,1,271338000,1
random_1000,167,1000,1000,60000000000,1799666888,1799666888,0,271338000,1799,1000,999,1,799,1,938226000,1
random_1000,168,1000,1000,60000000000,1326455552,1326455552,0,938226000,1327,1000,999,1,327,1,393778000,1
random_1000,169,1000,1000,60000000000,583308676,583308676,0,393778000,583,583,582,1,0,0,702454000,1
random_1000,170,1000,1000,60000000000,403822332,403822332,0,702454000,404,404,403,1,0,0,524786000,1
random_1000,171,1000,1000,60000000000,304830534,304830534,0,524786000,305,305,304,1,0,0,355320000,1
random_1000,172,1000,1000,60000000000,795773621,795773621,0,355320000,796,796,795,1,0,0,128941000,1
random_1000,173,1000,1000,60000000000,83105187,83105187,0,128941000,83,83,82,1,0,0,234128000,1
random_1000,174,1000,1000,60000000000,1153485980,1153485980,0,234128000,1153,1000,999,1,153,1,720108000,1
random_1000,175,1000,1000,60000000000,563877724,563877724,0,720108000,564,564,563,1,0,0,597832000,1
random_1000,176,1000,1000,60000000000,1833505693,1833505693,0,597832000,1834,1000,999,1,834,1,103525000,1
random_1000,177,1000,1000,60000000000,463769847,463769847,0,103525000,463,463,462,1,0,0,873372000,1
random_1000,178,1000,1000,60000000000,1996485850,1996485850,0,873372000,1997,1000,999,1,997,1,359222000,1
random_1000,179,1000,1000,60000000000,1865290594,1865290594,0,359222000,1865,1000,999,1,865,1,649816000,1
random_1000,180,1000,1000,60000000000,798239147,798239147,0,649816000,798,798,797,1,0,0,888963000,1
random_1000,181,1000,1000,60000000000,1637089468,1637089468,0,888963000,1637,1000,999,1,637,1,978431000,1
random_1000,182,1000,1000,60000000000,1903619933,1903619933,0,978431000,1904,1000,999,1,904,1,598364000,1
random_1000,183,1000,1000,60000000000,568053255,568053255,0,598364000,568,568,567,1,0,0,651619000,1
random_1000,184,1000,1000,60000000000,1465422137,1465422137,0,651619000,1466,1000,999,1,466,1,73756000,1
random_1000,185,1000,1000,60000000000,92033519,92033519,0,73756000,92,92,91,1,0,0,107275000,1
random_1000,186,1000,1000,60000000000,1744914807,1744914807,0,107275000,1745,1000,999,1,745,1,22082000,1
random_1000,187,1000,1000,60000000000,1865153745,1865153745,0,22082000,1865,1000,999,1,865,1,175827000,1
random_1000,188,1000,1000,60000000000,1824078803,1824078803,0,175827000,1824,1000,999,1,824,1,254630000,1
random_1000,189,1000,1000,60000000000,1220187407,1220187407,0,254630000,1220,1000,999,1,220,1,442037000,1
random_1000,190,1000,1000,60000000000,1808336763,1808336763,0,442037000,1808,1000,999,1,808,1,778800000,1
random_1000,191,1000,1000,60000000000,98231482,98231482,0,778800000,99,99,98,1,0,0,10282000,1
random_1000,192,1000,1000,60000000000,455086735,455086735,0,10282000,455,455,454,1,0,0,97017000,1
random_1000,193,1000,1000,60000000000,673138088,673138088,0,97017000,673,673,672,1,0,0,235105000,1
random_1000,194,1000,1000,60000000000,1572823061,1572823061,0,235105000,1573,1000,999,1,573,1,58166000,1
random_1000,195,1000,1000,60000000000,151562109,151562109,0,58166000,151,151,150,1,0,0,620275000,1
random_1000,196,1000,1000,60000000000,1367533682,1367533682,0,620275000,1368,1000,999,1,368,1,153957000,1
random_1000,197,1000,1000,60000000000,248256272,248256272,0,153957000,248,248,247,1,0,0,410229000,1
random_1000,198,1000,1000,60000000000,847544057,847544057,0,410229000,847,847,846,1,0,0,954286000,1
random_1000,199,1000,1000,60000000000,1706856255,1706856255,0,954286000,1707,1000,999,1,707,1,810541000,1
random_1000,200,1000,1000,60000000000,1230615644,1230615644,0,810541000,1231,1000,999,1,231,1,426185000,1
random_1000,201,1000,1000,60000000000,1102004072,1102004072,0,426185000,1102,1000,999,1,102,1,430257000,1
random_1000,202,1000,1000,60000000000,734540201,734540201,0,430257000,734,734,733,1,0,0,970458000,1
random_1000,203,1000,1000,60000000000,182002425,182002425,0,970458000,182,182,181,1,0,0,972883000,1
random_1000,204,1000,1000,60000000000,665821944,665821944,0,972883000,666,666,665,1,0,0,794827000,1
random_1000,205,1000,1000,60000000000,901323488,901323488,0,794827000,902,902,901,1,0,0,118315000,1
random_1000,206,1000,1000,60000000000,1664444763,1664444763,0,118315000,1664,1000,999,1,664,1,563078000,1
random_1000,207,1000,1000,60000000000,1366029617,1366029617,0,563078000,1366,1000,999,1,366,1,592695000,1
random_1000,208,1000,1000,60000000000,1262729547,1262729547,0,592695000,1263,1000,999,1,263,1,322242000,1
random_1000,209,1000,1000,60000000000,727730062,727730062,0,322242000,728,728,727,1,0,0,52304000,1
random_1000,210,1000,1000,60000000000,893870181,893870181,0,52304000,893,893,892,1,0,0,922485000,1
random_1000,211,1000,1000,60000000000,352063590,352063590,0,922485000,352,352,351,1,0,0,986075000,1
random_1000,212,1000,1000,60000000000,473752774,473752774,0,986075000,474,474,473,1,0,0,738849000,1
random_1000,213,1000,1000,60000000000,1747171631,1747171631,0,738849000,1747,1000,999,1,747,1,910480000,1
random_1000,214,1000,1000,60000000000,1091431017,1091431017,0,910480000,1092,1000,999,1,92,1,341497000,1
random_1000,215,1000,1000,60000000000,828453526,828453526,0,341497000,828,828,827,1,0,0,795023000,1
random_1000,216,1000,1000,60000000000,13337888,13337888,0,795023000,14,14,13,1,0,0,132911000,1
random_1000,217,1000,1000,60000000000,920802586,920802586,0,132911000,920,920,919,1,0,0,935497000,1
random_1000,218,1000,1000,60000000000,64481909,64481909,0,935497000,65,65,64,1,0,0,417406000,1
random_1000,219,1000,1000,60000000000,573060462,573060462,0,417406000,573,573,572,1,0,0,477868000,1
random_1000,220,1000,1000,60000000000,65084190,65084190,0,477868000,65,65,64,1,0,0,562058000,1
random_1000,221,1000,1000,60000000000,273758331,273758331,0,562058000,274,274,273,1,0,0,320389000,1
random_1000,222,1000,1000,60000000000,1422909354,1422909354,0,320389000,1423,1000,999,1,423,1,229743000,1
random_1000,223,1000,1000,60000000000,1998612500,1998612500,0,229743000,1998,1000,999,1,998,1,842243000,1
random_1000,224,1000,1000,60000000000,1633621805,1633621805,0,842243000,1634,1000,999,1,634,1,464048000,1
random_1000,225,1000,1000,60000000000,583794409,583794409,0,464048000,584,584,583,1,0,0,258457000,1
random_1000,226,1000,1000,60000000000,481200350,481200350,0,258457000,481,481,480,1,0,0,458807000,1
random_1000,227,1000,1000,60000000000,1996276807,1996276807,0,458807000,1996,1000,999,1,996,1,735614000,1
random_1000,228,1000,1000,60000000000,1750331338,1750331338,0,735614000,1751,1000,999,1,751,1,66952000,1
random_1000,229,1000,1000,60000000000,825596432,825596432,0,66952000,825,825,824,1,0,0,663384000,1
random_1000,230,1000,1000,60000000000,687682301,687682301,0,663384000,688,688,687,1,0,0,345685000,1
random_1000,231,1000,1000,60000000000,1332676463,1332676463,0,345685000,1333,1000,999,1,333,1,22148000,1
random_1000,232,1000,1000,60000000000,589154464,589154464,0,22148000,589,589,588,1,0,0,176612000,1
random_1000,233,1000,1000,60000000000,840580157,840580157,0,176612000,840,840,839,1,0,0,756769000,1
random_1000,234,1000,1000,60000000000,774261494,774261494,0,756769000,775,775,774,1,0,0,18263000,1
random_1000,235,1000,1000,60000000000,1770391863,1770391863,0,18263000,1770,1000,999,1,770,1,410126000,1
random_1000,236,1000,1000,60000000000,1621637521,1621637521,0,410126000,1622,1000,999,1,622,1,47647000,1
random_1000,237,1000,1000,60000000000,773470823,773470823,0,47647000,773,773,772,1,0,0,518470000,1
random_1000,238,1000,1000,60000000000,637750402,637750402,0,518470000,638,638,637,1,0,0,268872000,1
random_1000,239,1000,1000,60000000000,966866889,966866889,0,268872000,967,967,966,1,0,0,135761000,1
random_1000,240,1000,1000,60000000000,1825780967,1825780967,0,135761000,1825,1000,999,1,825,1,916728000,1
random_1000,241,1000,1000,60000000000,1613748880,1613748880,0,916728000,1614,1000,999,1,614,1,665608000,1
random_1000,242,1000,1000,60000000000,929931477,929931477,0,665608000,930,930,929,1,0,0,597085000,1
random_1000,243,1000,1000,60000000000,1353565447,1353565447,0,597085000,1354,1000,999,1,354,1,162532000,1
random_1000,244,1000,1000,60000000000,1844619426,1844619426,0,162532000,1844,1000,999,1,844,1,781958000,1
random_1000,245,1000,1000,60000000000,13725304,13725304,0,781958000,14,14,13,1,0,0,507262000,1
random_1000,246,1000,1000,60000000000,1692460243,1692460243,0,507262000,1692,1000,999,1,692,1,967505000,1
random_1000,247,1000,1000,60000000000,487017967,487017967,0,967505000,487,487,486,1,0,0,985472000,1
random_1000,248,1000,1000,60000000000,880909356,880909356,0,985472000,881,881,880,1,0,0,894828000,1
random_1000,249,1000,1000,60000000000,675305748,675305748,0,894828000,676,676,675,1,0,0,200576000,1
random_1000,250,1000,1000,60000000000,876968822,876968822,0,200576000,877,877,876,1,0,0,169398000,1
random_1000,251,1000,1000,60000000000,447524851,447524851,0,169398000,447,447,446,1,0,0,694249000,1
random_1000,252,1000,1000,60000000000,1863859072,1863859072,0,694249000,1864,1000,999,1,864,1,553321000,1
random_1000,253,1000,1000,60000000000,975165200,975165200,0,553321000,975,975,974,1,0,0,718521000,1
random_1000,254,1000,1000,60000000000,1140516352,1140516352,0,718521000,1141,1000,999,1,141,1,234873000,1
random_1000,255,1000,1000,60000000000,114518141,114518141,0,234873000,114,114,113,1,0,0,753014000,1
